Nro;ID_PFI2023;ORDEN DE PRIORIZACIÓN DE LA JURISDICCIÓN;ID_JURISDICCION;REGION;JURISDICCION;TITULO;INSTITUCION EJECUTORA;INSTITUCION BENEFICIARIA;CARACTER DE LA INSTITUCION BENEFICIARIA;MONTO MINCYT SOLICITADO;MONTO CONTRAPARTE ;MONTO TOTAL PROYECTO;RELACION MINCYT;MONTO RUBRO RECURSOS HUMANOS;MONTO BIENES DE CAPITAL;MONTO FORMULACION PY UVT;PERFIL INSTITUCIONAL del BENEFICIARIO;OSE PRINCIPAL
1;BA-1-PFI-2023;1;BA;METROPOLITANA;BUENOS AIRES;Mejora en la Eficiencia y Extensión de la Vida Util de un Equipo de Produccion Nacional para la Separacion de Residuos Oleosos Portuarios;INSTITUTO DE CIENCIA Y TECNOLOGIA DE ALIMENTOS Y AMBIENTE (INCITAA);UNIVERSIDAD NACIONAL DE MAR DEL PLATA;PUBLICO;25000000;12451746;37451746;0.667525620834874;12451746;12010000;490000;Univ Pub;02-Medio Ambiente
2;BA-2-PFI-2023;2;BA;METROPOLITANA;BUENOS AIRES;Desarrollo de Formulación GalEnica, a base de propóleo, y dispositivo de aplicación intravaginal/intrauterina para porcinos y bovinos.;Laboratorio de Biomateriales , BiomecAnica  y Bioinstrumentación(Lab3Bio) Escuela de Ciencia y Tecnología UNSAM;UNIVERSIDAD NACIONAL DE GENERAL SAN MARTIN;PUBLICO;27830000;16490000;44320000;0.62793321299639;14340000;12740000;770000;Univ Pub;08-Agricultura
3;BA-3-PFI-2023;3;BA;METROPOLITANA;BUENOS AIRES;Trituradora Primaria Móvil de NeumAticos Fuera de Uso;UNIVERSIDAD TECNOLOGICA NACIONAL FACULTAD REGIONAL LA PLATA;UNIVERSIDAD TECNOLOGICA NACIONAL FACULTAD REGIONAL LA PLATA;PUBLICO;33000000;8800000;41800000;0.789473684210526;7440000;1000000;0;Univ Pub;02-Medio Ambiente
4;BA-4-PFI-2023;4;BA;METROPOLITANA;BUENOS AIRES;Aplicación de Lactiplantibacillus plantarum como cultivo probiótico adjunto para el desarrollo de un alimento cArnico crudo-curado fermentado funcional;FACULTAD DE CIENCIAS VETERINARIAS UNCPBA;UNIVERSIDAD NACIONAL DEL CENTRO DE LA PROVINCIA DE BUENOS AIRES;PUBLICO;16000000;5400000;21400000;0.747663551401869;5400000;8000000;0;Univ Pub;06-Producción y tecnología industrial
5;BA-5-PFI-2023;5;BA;METROPOLITANA;BUENOS AIRES;Rediseño de una planta piloto para extracción de aceites vegetales a travEs de CO2 en estado supercrítico.;UNIVERSIDAD NACIONAL ARTURO JAURETCHE;UNIVERSIDAD NACIONAL ARTURO JAURETCHE;PUBLICO;20000000;5000000;25000000;0.8;2400000;10000000;500000;Univ Pub;06-Producción y tecnología industrial
6;BA-6-PFI-2023;6;BA;METROPOLITANA;BUENOS AIRES;AnAlisis de fatibilidad de aplicación de espectrometría de masas para la determinación de bajas concentraciones de isótopos de hidrógeno orientado a los programas de vigilancia de centrales nucleares de potencia de Uranio Natural y Agua Pesada.;COMISION NACIONAL DE ENERGIA ATOMICA;COMISIÓN NACIONAL DE ENERGÍA ATÓMICA;PUBLICO;49700000;16557000;66257000;0.750109422400652;14040000;19400000;0;CNEA;05-Energía
7;BA-7-PFI-2023;7;BA;METROPOLITANA;BUENOS AIRES;Desarrollo y Producción a Escala Piloto de una Barra de Cereal Rica en Fibras y Proteínas Mediante la Revalorización de Subproductos de la Industria Alimentaria.;UNIVERSIDAD NACIONAL DE HURLINGHAM;UNIVERSIDAD NACIONAL DE HURLINGHAM;PUBLICO;20000000;10788000;30788000;0.649603741717552;10788000;10000000;0;Univ Pub;06-Producción y tecnología industrial
8;CA-1-PFI-2023;1;CAB;METROPOLITANA;CABA;Laboratorios de Tecnologías Emergentes Aplicadas con Orientación a la Transición EnergEtica;SECRETARIA DE CIENCIA Y TECNOLOGIA DE RECTORADO Y CONSEJO SUPERIOR DE LA UNIVERSIDAD DE BUENOS AIRES;UNIVERSIDAD DE BUENOS AIRES;PUBLICO;120000000;3000000;123000000;0.975609756097561;30000000;60000000;640000;Univ Pub;05-Energía
9;CA-2-PFI-2023;2;CAB;METROPOLITANA;CABA;Desarrollo de herramientas de diagnóstico temprano de trastornos cardíacos en pacientes con serologia positiva para la enfermedad de Chagas y transferencia de la tecnología desarrollada.;UNIVERSIDAD ABIERTA INTERAMERICANA A TRAVES DE SU CENTRO DE ALTOS ESTUDIOS EN CIENCIAS HUMANAS Y DE LA SALUD (CAECHIS);UNIVERSIDAD ABIERTA INTERAMERICANA;PRIVADO;14980000;6420000;21400000;0.7;0;7000000;400000;Univ Priv;07-Salud
10;CA-1-PFI-2023;1;CA;NOA;CATAMARCA;IMPLEMENTACI ÓN DE UN BIOBANCO REGIONAL CON TECNOLOGÍASDE PROTECCIÓN DE INFORMACIÓN: PRINCIPIOS PARA AVANZAR EN LA INVESTIGACIÓN Y EN LA TOMA DE DECISIONES ENTORNO A LA SALUD DE LA COMUNIDAD CATAMARQUEÑA.;UNCA;Universidad Nacional de Catamarca;PUBLICO;25000000;9160000;34160000;0.731850117096019;7800000;12500000;640000;Univ Pub;07-Salud
11;CA-2-PFI-2023;2;CA;NOA;CATAMARCA;CREACIÓN DE ELISA IN HOUSE PARA LA DETECCIÓN DE TRIQUINOSIS;UNCA;Universidad Nacional de Catamarca;PUBLICO;15000000;5400000;20400000;0.735294117647059;5400000;7500000;400000;Univ Pub;07-Salud
12;CA-3-PFI-2023;3;CA;NOA;CATAMARCA;RIEGO POR VERTIENTE - APROVECHAMIENTO DEL NIVEL NATURAL DEL TERRENO;Subsecretaria de Planificación Modernización e inclusión de nuevas tecnologías de la Municipalidad de Valle Viejo;MUNICIPALIDAD DE VALLE VIEJO;PUBLICO;20000000;8800000;28800000;0.694444444444444;7350000;10000000;1000000;Municipio;08-Agricultura
13;CA-4-PFI-2023;4;CA;NOA;CATAMARCA;LABORATORIO PROTOTIPADO DE AGREGADO DE VALOR DE ECONOMÍA REGIONAL (NUEZ);INTA;MUNICIPALIDAD DE LONDRES;PUBLICO;25000000;7000000;32000000;0.78125;0;9078000;0;Municipio;06-Producción y tecnología industrial
14;CA-5-PFI-2023;5;CA;NOA;CATAMARCA;UN APORTE HACIA LA EFICIENCIA ENERGETICA Y LA FORMACIÓN DE RECURSOS HUMANOS LOCALES CON ENERGIAS RENOVABLES EN EL CENTRO DE INNOVACIÓN- PACLIN INTERACTIVO;;MUNICIPALIDAD DE PACLIN;PUBLICO;22500000;6000000;28500000;0.789473684210526;6000000;9440000;0;Municipio;05-Energía
15;CA-6-PFI-2023;6;CA;NOA;CATAMARCA;RECUPERACIÓN DE MICROPOLO DE TALLERES CON ESPECIALIZACIÓN EN FABRICACIÓN DE CALZADO;TANGO DE SERSA FABRICA DE ALPARGATAS;TANGO DE SERSA;PRIVADO;15000000;7500000;22500000;0.666666666666667;0;7500000;100000;Emp Priv;06-Producción y tecnología industrial
16;CA-7-PFI-2023;7;CA;NOA;CATAMARCA;COCINA DIRECTA;COOPERATIVA DE TRABAJO AGROGANADERA AYNI LIMITADA.-;COOPERATIVA DE TRABAJO AGROGANADERA AYNI LIMITADA.-;PRIVADO;15000000;6600000;21600000;0.694444444444444;6600000;7500000;0;ESFL;06-Producción y tecnología industrial
17;CA-8-PFI-2023;8;CA;NOA;CATAMARCA;PUESTA A PUNTO Y TRANSFERENCIA DE BIOINSUMOS A BASE DE MICROORGANISMOS BENEFICOS PARA UNA PRODUCCION AGRICOLA SUSTENTABLE;UNCA;Universidad Nacional de Catamarca -Facultad de Ciencias Agrarias;PUBLICO;10000000;9126000;19126000;0.522848478510928;9126000;5000000;200000;Univ Pub;08-Agricultura
18;CA-9-PFI-2023;9;CA;NOA;CATAMARCA;RELATO DE LO INTANGIBLE DE UN CAMINO ANCESTRAL QUE UNE TERRITORIOS:PARQUE NACIONAL SIERRAS AMBATO - RP14;UNCA;MUNICIPALIDAD DE HUILLAPIMA;PUBLICO;10000000;2500000;12500000;0.8;600000;5000000;0;Municipio;10-Cultura, recreación, religión y medios de comunicación
19;CA-10-PFI-2023;10;CA;NOA;CATAMARCA;CARTOGRAFÍAS DIGITALES SOBRE PRACTICAS ALIMENTARIAS DE ADOLESCENTES ESCOLARIZADOS CATAMARQUEÑ@S: DISEÑO DE UNA APLICACIÓN DIGITAL PARA LA EDUCACION ALIMENTARIA;IRES;MUNICIPALIDAD DE SAN FERNANDO DEL VALLE DE CATAMARCA;PUBLICO;10000000;9832000;19832000;0.504235578862445;9632000;5354000;0;Municipio;07-Salud
20;CA-11-PFI-2023;11;CA;NOA;CATAMARCA;BIBLIOTECA DIGITAL DE AUTORES CATAMARQUEÑOS. PUESTA EN VALOR Y DIFUSION DE LA OBRA CIENTIFICA Y CULTURAL DE LA PROVINCIA DE CATAMARCA;UNCA;MINISTERIO DE CULTURA BIBLIOTECA PROVINCIAL DR. JULIO HERRERA ;PUBLICO;10000000;2088000;12088000;0.827266710787558;2088000;2100000;0;Org Pub;12-Producción general de conocimiento
21;CA-12-PFI-2023;12;CA;NOA;CATAMARCA;CHATBOT DE GESTION EDUCATIVA PARA EL ACOMPAÑAMIENTO PEDAGOGICO DE ESTUDIANTES DE NIVEL SUPERIOR;UNCA;Universidad Nacional de Catamarca;PUBLICO;12500000;2520000;15020000;0.832223701731025;2520000;3100000;0;Univ Pub;09-Educación
22;CA-13-PFI-2023;13;CA;NOA;CATAMARCA;FORTALECIMIENTO TECNOLÓGICO DE MUJERES RURALES PRODUCTORAS DE AGROALIMENTOS;IRES;MUNICIPALIDAD DE VALLE VIEJO;PUBLICO;10000000;5520000;15520000;0.644329896907217;5520000;7700000;0;Municipio;08-Agricultura
23;CHA-1-PFI-2023;1;CH;NEA;CHACO;"FORMULACIONES FARMACEUTICAS PEDIATRICAS A BASE DE NANO/MICROTECNOLOGÍA
";Instituto de Investigación en Procesos Tecnológicos Avanzados (INIPTA-CONICET-UNCAUS);Instituto de Investigación en Procesos Tecnológicos Avanzados (INIPTA-CONICET-UNCAUS);PUBLICO;15000000;3772080;18772080;0.799059028088523;3772080;7500000;375000;CONICET;07-Salud
24;CHA-2-PFI-2023;2;CH;NEA;CHACO;TECNOLOGÍA Y PROCESOS TECNOLÓGICOS LIMPIOS PARA LA EXTRACCIÓN DE AGUA SEGURA EN LOS PARAJES DE MISIÓN NUEVA POMPEYA Y EL SAUZALITO EN LOS BOSQUES CHAQUEÑOS DEL IMPENETRABLE;FACULTAD DE INGENIERIA – UNIVERSIDAD NACIONAL DEL NORDESTE ;FUNDACION EL IMPENETRABLE NUESTRA CASA;PUBLICO;11000000;3600000;14600000;0.753424657534247;0;2600000;200000;ESFL;07-Salud
25;CHA-3-PFI-2023;3;CH;NEA;CHACO;AERODESTILADOR- MEJORAMIENTO DE AGUAS SALOBRES EN PROCESOS DE BAJA ENTALPIA A TRAVES DE SISTEMA DE APROVECHAMIENTO DE ENERGÍA SOLAR;Universidad Nacional del Nordeste (UNNE);Universidad Nacional del Nordeste -Facultad de Ingeniería ;PUBLICO;10500000;4650000;15150000;0.693069306930693;4650000;4806000;210000;Univ Pub;02-Medio Ambiente
26;CHA-4-PFI-2023;4;CH;NEA;CHACO;ELABORACIÓN DE UN SNACK SALUDABLE A PARTIR DE INGREDIENTES NATURALES DE PRODUCCIÓN LOCAL;INIPTA (CONICET-UNCAUS);Instituto de Investigación en Procesos Tecnológicos Avanzados (INIPTA-CONICET-UNCAUS);PUBLICO;15000000;12849000;27849000;0.538618980932888;12849000;10400000;0;CONICET;07-Salud
27;CHA-5-PFI-2023;5;CH;NEA;CHACO;MONITOREO Y ALERTA TEMPRANA DE CIANOBACTERIAS, MICROALGAS, PLANTAS INVASORAS Y ESPECIES EXÓTICAS EN EL SITIO RAMSAR HUMEDALES CHACO: BUSCANDO SOLUCIONES SUSTENTABLES;Centro de Ecología Aplicada del Litoral CECOAL-CONICET-UNNE;Ministerio de Ambiente y Desarrollo Territorial Sostenible de la Provincia del Chaco-Subsecretaría de Ambiente y Biodiversidad de la Provincia del Chaco;PUBLICO;15538605;11400000;26938605;0.576815503252674;11400000;7305374;301817;Org Pub;04-Transporte, telecomunicación y otras infraestructuras
28;CHA-6-PFI-2023;6;CH;NEA;CHACO;ACTUALIZACIÓN CARTOGRAFICA DEL REGISTRO DE VIVIENDAS URBANAS MEDIANTE ALGORITMOS DE INTELIGENCIA ARTIFICIAL A PARTIR DE TELEDETECCIÓN E IMAGENES SATELITALES;Centro Interinstitucional de Ciencia de Datos (UBA);Dirección Provincial de Información Estadística y Territorial de la Provincia del Chaco (IPECD);PUBLICO;15000000;9011199;24011199;0.624708495398335;9011199;7500000;300000;Org Pub;04-Transporte, telecomunicación y otras infraestructuras
29;CHA-7-PFI-2023;7;CH;NEA;CHACO;DESARROLLO DE UN ENSAYO DE FLUJO LATERAL DE ACIDOS NUCLEICOS PARA EL DIAGNÓSTICO EN EL PUNTO DE ATENCIÓN DE LA PARACOCCIDIOIDOMICOSIS;Area Micología – Instituto de Medicina Regional – Universidad Nacional del Nordeste; Universidad Nacional del Nordeste-Area Micología–Instituto de Medicina Regional;PUBLICO;12000000;8140080;20140080;0.595826828890451;8140080;5900000;240000;Univ Pub;07-Salud
30;CHA-8-PFI-2023;8;CH;NEA;CHACO;DESARROLLO DE UNA PLATAFORMA DE CULTIVO IN VITRO DE ESPECIES VEGETALES DE INTERES MEDICINAL Y NUTRACEUTICO;INTA - EEA SAenz Peña;Universidad Nacional del Chaco Austral (UNCAUS);PUBLICO;10000000;7492167;17492167;0.5716844573917;7492167;5000000;200000;Univ Pub;06-Producción y tecnología industrial
31;CHA-9-PFI-2023;9;CH;NEA;CHACO;DESARROLLO DE UNA PLATAFORMA DE BIOENSAYOS CON SUSTANCIAS ACARICIDAS NATURALES PARA EL CONTROL INTEGRADO DE GARRAPATAS;INTA;Instituto Nacional de Tecnologia Agropecuaria (INTA);PUBLICO;10000000;8370000;18370000;0.544365813826892;7680000;6201000;204000;INTA;07-Salud
32;CHA-10-PFI-2023;10;CH;NEA;CHACO;OBTENCIÓN DE CONCENTRADOS BIACTIVOS A PARTIR DE FRUTILLA Y MAMÓN, CON POTENCIAL APLICACIÓN EN LA INDUSTRIA ALIMENTARIA ;EEA Colonia Benítez-INTA;Instituto Nacional de Tecnologia Agropecuaria (INTA-EEA Colonia Benítez);PUBLICO;12500000;8775600;21275600;0.587527496286826;8775600;8500000;200000;INTA;08-Agricultura
33;CHA-11-PFI-2023;11;CH;NEA;CHACO;DASHBOARD CON ESTIMACIONES Y PRONÓSTICOS DE LA HUMEDAD DE SUELO EN LA PROVINCIA DEL CHACO;CONICET CCT-Nordeste - IMIT;Consejo Nacional de Investigaciones Científicas y TEcnicas (CONICET- CCT Nordeste);PUBLICO;13000000;3852000;16852000;0.771421789698552;3852000;6000000;260000;CONICET;01-Exploración y explotación de la tierra
34;CHA-12-PFI-2023;12;CH;NEA;CHACO;IMPLEMENTACIÓN DE TECNICAS DE INMUNOENSAYOS PARA LA DETERMINACIÓN DE ALERGENOS Y HERBICIDAS EN ALIMENTOS;Universidad Tecnológica Nacional Resistencia;Universidad Tecnológica Nacional Resistencia;PUBLICO;11000000;2664000;13664000;0.805035128805621;2664000;6280000;250000;Univ Pub;08-Agricultura
35;CHA-13-PFI-2023;13;CH;NEA;CHACO;RELEVAMIENTO, MONITOREO Y EVALUACIÓN EX-POST DE INTERVENCIONES URBANAS DEL IPDUV ORIENTADOS A MEJORAR LAS POLÍTICAS DE HABITAT EN LA PROVINCIA DEL CHACO;Facultad de Arquitectura y Urbanismo de la Universidad Nacional del Nordeste - Observatorio Urbano y Regional (FAU-UNNE-OUR);Instituto Provincial de Desarrollo Urbano y Vivienda (IPDUV);PUBLICO;14000000;4661343;18661343;0.750213958341583;4311343;4530000;280000;Org Pub;04-Transporte, telecomunicación y otras infraestructuras
36;CHA-14-PFI-2023;14;CH;NEA;CHACO;APLICACIÓN DE PELÍCULAS BIODEGRADABLES COMO ENVASES INDIVIDUALES PARA LA CONSERVACIÓN DE PRODUCTOS DEL RUBRO PANADERÍA;Universidad Nacional del Chaco Austral (UNCAUS);Universidad Nacional del Chaco Austral (UNCAUS);PUBLICO;11000000;4113234;15113234;0.727838925805026;4113234;5550000;220000;Univ Pub;06-Producción y tecnología industrial
37;CHA-15-PFI-2023;15;CH;NEA;CHACO;FORTALECIMIENTO DE LA INDUSTRIA LACTEA CHAQUEÑA CON LA FORMULACIÓN DE HELADOS ARTESANALES EMPLEANDO LECHE FLUIDA;FACULTAD DE INGENIERIA – UNIVERSIDAD NACIONAL DEL NORDESTE; UNIVERSIDAD NACIONAL DEL NORDESTE-FACULTAD DE INGENIERIA –;PUBLICO;10000000;3600000;13600000;0.735294117647059;3600000;5000000;200000;Univ Pub;06-Producción y tecnología industrial
38;CHA-16-PFI-2023;16;CH;NEA;CHACO;OPTIMIZACIÓN DE PROCESOS DE PRODUCCIÓN DE NANOMATERIALES A PARTIR DE LA ABUNDANTE BIOMASA DEL CHACO;Instituto IMIT – Instituto de Modelado e Innovación Tecnológica (CONICET-UNNE);Universidad Nacional del Nordeste -Facultad de Ingeniería ;PUBLICO;14461395;11588304;26049699;0.555146337775342;11588304;7888000;204000;Univ Pub;06-Producción y tecnología industrial
39;CT-1-PFI-2023;1;CT;PATAGONIA;CHUBUT;Fortalecimiento de la cadena de valor acuícola nacional: producción de alimento balanceado de peces en base a langostino;Universidad Nacional de la Patagonia San Juan Bosco;Universidad Nacional de la Patagonia San Juan Bosco;PUBLICO;100000000;25410000;125410000;0.79738457858225;25410000;50000000;640000;Univ Pub;08-Agricultura
40;CT-2-PFI-2023;2;CT;PATAGONIA;CHUBUT;Diseño y escalado de bioinoculantes de bacterias rizosfericas patagónicas que incrementen el rendimiento y la acumulación de metabolitos secundarios de interEs en variedades medicinales de cannabis sativa;CIEFAP;Centro de Investigación y Extensión Forestal Andino Patagónico (CIEFAP);PUBLICO;30000000;7958101;37958101;0.79034512290275;7958101;15000000;600000;Otros Org CyT;08-Agricultura
41;CT-3-PFI-2023;3;CT;PATAGONIA;CHUBUT;Actualización e implementación de tecnología industria 4.0 en una planta productora de biocombustibles sólidos a partir de materias no aprovechables para la industria de la madera en la localidad de Trevelin, Chubut.;INTI;BRAGO ENERGIA S.A;PRIVADO;20000000;8571429;28571429;0.6999999895;0;7762000;0;Emp Priv;05-Energía
42;CT-4-PFI-2023;4;CT;PATAGONIA;CHUBUT;laboratorio de producción de embriones in vitro en bovinos y ovinos en Esquel.;INPA ;THE EMBRYO FACTORY S.A;PRIVADO;20000000;10000000;30000000;0.666666666666667;0;8000000;550000;Emp Priv;08-Agricultura
43;CT-5-PFI-2023;5;CT;PATAGONIA;CHUBUT;Desarrollo de prActicas agronómicas para reducir las emisiones de CO2 en cultivos de interEs comercial en Patagonia;INBIOP;Consejo Nacional de Investigaciones Científicas y TEcnicas (CONICET);PUBLICO;18000000;4500000;22500000;0.8;4500000;9000000;450000;CONICET;08-Agricultura
44;CT-6-PFI-2023;6;CT;PATAGONIA;CHUBUT;Adecuación de tEcnicas de construcción de invernAculos para las condiciones climAticas del centro norte de Chubut;UNIVERSIDAD DEL CHUBUT;UNIVERSIDAD DEL CHUBUT;PUBLICO;12000000;4828631;16828631;0.713070480896515;4828631;480000;240000;Univ Pub;08-Agricultura
45;CB-1-PFI-2023;1;CB;CENTRO;CORDOBA;Implementación de marcadores genEticos de identidad y de fenotipo mediante secuenciación masiva del ADN , para su aplicación en casos forenses complejos ;Instituto de GenEtica Forense - Poder Judicial de Cordoba (reconocido como lugar de trabajo por CONICET) ;Poder Judicial de Cordóba ;PUBLICO;21657077;11724441;33381518;0.648774480537404;11724441;0;740000;Org Pub;11-Estructuras, procesos y sistemas políticos y sociales
46;CB-2-PFI-2023;2;CB;CENTRO;CORDOBA;INTEGRACIÓN DE NANOTECNOLOGÍA EN LA PRODUCCIÓN DE BATERIAS AVANZADAS DE PLOMO/CARBON EN LA PROVINCIA DE CORDOBA;UNIVERSIDAD NACIONAL DE RIO CUARTO;UNIVERSIDAD NACIONAL DE RIO CUARTO;PUBLICO;10000000;11473808;21473808;0.465683589980873;11473808;2000000;0;Univ Pub;06-Producción y tecnología industrial
47;CB-3-PFI-2023;3;CB;CENTRO;CORDOBA;Producción de embriones bovinos de bajo coste a partir de cElulas germinales recuperadas pos mortem y desarrolllos de medios para producción de embriones bovinos in vitro ;Instituto de Reproducción Animal CORDOBA;Biogen Argentina S.A;PRIVADO;10000000;4480000;14480000;0.69060773480663;0;1770000;0;Emp Priv;06-Producción y tecnología industrial
48;CB-4-PFI-2023;4;CB;CENTRO;CORDOBA;"Desarrollo y escalado a planta piloto de soluciones sanitizantes y desinfectantes de superficies
hospitalarias e instrumental mEdico orientado a hospitales y centros de salud públicos y privados.";CEPROCOR;LABORATORIO FITONATURE S.R.L;PRIVADO;15000000;6825000;21825000;0.687285223367698;0;2770000;0;Emp Priv;07-Salud
49;CB-5-PFI-2023;5;CB;CENTRO;CORDOBA;"Acceso a tecnologías de procesos para la eficiencia en el uso de los recursos disponibles en los
sistemas ganaderos de cría de la provincia de CORDOBA";Facultad de Ciencias Agropecuarias Universidad Nacional de CORDOBA;UNIVERSIDAD NACIONAL DE CORDOBA Facultad de Ciencias Agropecuarias ;PUBLICO;25000000;7510781;32510781;0.768975682251374;7510781;9793174;616000;Univ Pub;08-Agricultura
50;CB-6-PFI-2023;6;CB;CENTRO;CORDOBA;Desarrollo de un mEtodo no invasivo (test diagnóstico) para diferenciar embriones humanos basado en el metabolismo embrionario y el uso de inteligencia artificial;CEQUIMAP - Universidad Nacional de CORDOBA (UNC);Ovoxite S.A.S;PRIVADO;15000000;6600000;21600000;0.694444444444444;0;0;0;Emp Priv;07-Salud
51;CB-7-PFI-2023;7;CB;CENTRO;CORDOBA;"Aplicación de la secuenciación masiva y la bioinformAtica al
diagnóstico molecular clínico de enfermedades poco frecuentes";FACULTAD DE CIENCIAS QUÍMICAS;UNIVERSIDAD NACIONAL DE CORDOBA;PUBLICO;15000000;6000000;21000000;0.714285714285714;6000000;5000000;0;Univ Pub;07-Salud
52;CB-8-PFI-2023;8;CB;CENTRO;CORDOBA;"INNOVACIÓN APLICADA AL DESARROLLO DE MEDICAMENTOS HUERFANOS:
OPTIMIZACIÓN DE HISTIDINATO DE COBRE INYECTABLE PARA EL TRATAMIENTO DE LA
ENFERMEDAD DE MENKES";Unidad de Investigación y Desarrollo en Tecnología FarmacEutica - UNITEFA;Unidad de Investigación y Desarrollo en Tecnología FarmacEutica - UNITEFA;PUBLICO;28000000;8019000;36019000;0.777367500485855;8019000;14000000;640000;CONICET;07-Salud
53;CB-9-PFI-2023;9;CB;CENTRO;CORDOBA;"DESARROLLO DE BIOMA TERIALES FUNCIONALIZADOS CON CONCENTRADO DE LIQUIDO
PLACENTARIO PARA APLICACIÓN MEDICA";"Depto. De Ciencias FarmacEuticas de la Facultad de Ciencias
Químicas - UNC";INBIOMED S.A.;PRIVADO;11000000;4714286;15714286;0.699999987272727;0;5500000;300000;Emp Priv;07-Salud
54;CB-10-PFI-2023;10;CB;CENTRO;CORDOBA;"Adecuación de una plataforma tecnológica para el desarrollo de materiales de referencia aplicados a plantas
elaboradoras de alimentos.";CEPROCOR: UNIDAD DE METROLOGÍA Y DE ESPECTROMETRÍA;CENTRO DE EXCELENCIA DE PRODUCTOS Y PROCESOS (CEPROCOR);PUBLICO;16342923;8496800;24839723;0.657934993880568;6030000;8159675;0;Org Pub;08-Agricultura
55;CB-11-PFI-2023;11;CB;CENTRO;CORDOBA;Ahorro y Eficiencia EnergEtica en el Sector Turístico. Soluciones tEcnicas, arquitectónicas y urbanas sustentables para Miramar de Ansenuza;Area de diseño bioclimAtico del centro experimental de la vivienda económica CONICET- AVE (ADB);Municipalidad de Miramar de Ansenuza;PUBLICO;16000000;4000000;20000000;0.8;4000000;250000;0;Municipio;02-Medio Ambiente
56;CB-12-PFI-2023;12;CB;CENTRO;CORDOBA;Mejora de la producción de pasturas en el NO  CordobEs agregando valor en origen a semillas forrajeras por incorporación de bioinsumos en matrices naturales.;Instituto Nacional de Tecnología Agropecuaria (INTA);Municipalidad de Quilino;PUBLICO;17000000;8040000;25040000;0.678913738019169;8040000;8500000;0;Municipio;08-Agricultura
57;CR-1-PFI-2023;1;CR;NEA;CORRIENTES;Evaluación analítica de la calidad de la leche de búfalas de corrientes para el agregado de valor de origen ;Universidad Nacional del Nordeste- Facultad de Ciencias Veterinarias;Asociación Argentina de Criadores de Búfalos;PRIVADO;15000000;3450000;18450000;0.813008130081301;3450000;8500000;300000;ESFL;08-Agricultura
58;CR-2-PFI-2023;2;CR;NEA;CORRIENTES;Mejoramiento genEtico a travEs del cruzamiento de razas de producción lechera para obtener biotipos adaptados al nordeste argentino.;UNNE ; Instituto Desarrollo Rural de Corrientes -IDERCOR-;PUBLICO;11500000;2592000;14092000;0.816065852966222;2592000;6500000;450000;Org Pub;08-Agricultura
59;CR-3-PFI-2023;3;CR;NEA;CORRIENTES;Planta de reciclado mecAnico para obtención de Fibra de PoliEster a partir de botellas plAsticas,;INTI ;AZURAH.SASU;PRIVADO;15000000;3012000;18012000;0.832778147901399;3012000;5810000;640000;Emp Priv;02-Medio Ambiente
60;CR-4-PFI-2023;4;CR;NEA;CORRIENTES;"Incorporación de tecnologías de información geogrAfica para el manejo de explotaciones
forestales";Universidad Nacional del Nordeste;Universidad Nacional del Nordeste- Facultad de Ciencias Agrarias ;PUBLICO;11400000;3579000;14979000;0.761065491688364;2850000;4130000;200000;Univ Pub;08-Agricultura
61;CR-5-PFI-2023;5;CR;NEA;CORRIENTES;Accesibilidad cultural en el Anfiteatro Mario del TrAnsito Cocomarola a partir de la implementación de innovaciones tecnológicas y organizacionales;Universidad de la Cuenca del Plata;Instituto de Cultura de Corrientes;PUBLICO;14000000;3500000;17500000;0.8;3500000;5700000;400000;Org Pub;10-Cultura, recreación, religión y medios de comunicación
62;CR-6-PFI-2023;6;CR;NEA;CORRIENTES;Carnadas vivas para la pesca recreativa. Escalamiento y expansión territorial.;"UNIVERSIDAD NACIONAL DEL NORDESTE – FACULTAD DE
CIENCIAS VETERINARIAS";"UNIVERSIDAD NACIONAL DEL NORDESTE – FACULTAD DE
CIENCIAS VETERINARIAS";PUBLICO;10000000;4960000;14960000;0.668449197860963;0;5600000;0;Univ Pub;07-Salud
63;CR-7-PFI-2023;7;CR;NEA;CORRIENTES;MONITOREO DE MICROCLIMAS EN LAS DISTINTAS UNIDADES DE PAISAJES DENTRO DE RESERVAS Y PARQUES PROVINCIALES DEL TERRITORIO CORRENTINO;"Centro de Ecología Aplicada del Litoral -
CECOAL";Ministerio de Turismo- Dirección de Parques y Reservas ;PUBLICO;12900000;6600000;19500000;0.661538461538462;0;5500000;640000;Org Pub;01-Exploración y explotación de la tierra
64;CR-8-PFI-2023;8;CR;NEA;CORRIENTES;Diseño y Desarrollo de una Base de Datos para la Gestión Integral de Legajos de Internos en el Servicio Penitenciario de la Provincia de Corrientes;"Universidad de la Cuenca del
Plata";"Servicio Penitenciario de la Provincia de
Corrientes";PUBLICO;10000000;2597000;12597000;0.793839803127729;0;4460000;630000;Org Pub;06-Producción y tecnología industrial
65;CR-9-PFI-2023;9;CR;NEA;CORRIENTES;Generación solar para sistema de riego existentes para productores agropecuarios asociados a la cooperativa agropecuaria y de electricidad Monte Caseros Limitada;UNIVERSIDAD NACIONAL DEL NORDESTE;"COOPERATIVA AGROPECUARIA Y DE
ELECTRICIDAD MONTE CASEROS LIMITADA";PRIVADO;12000000;2400000;14400000;0.833333333333333;2400000;6000000;0;ESFL;08-Agricultura
66;CR-10-PFI-2023;10;CR;NEA;CORRIENTES;Utilización de energías renovables para optimizar el proceso de extracción de miel en cooperativas apícolas de la Provincia de Corrientes.;FaCENA – UNNE (Grupo en Energías Renovables);Universidad Nacional del Nordeste;PUBLICO;10000000;2520000;12520000;0.798722044728435;0;4680411;200000;Univ Pub;06-Producción y tecnología industrial
67;CR-11-PFI-2023;11;CR;NEA;CORRIENTES;Generación de paneles solares mediante el reciclado de PETS.;INTI - Instituto Nacional de Tecnología Industrial;MINISTERIO DE EDUCACION DE CORRIENTES- Escuela N 727 General Juan Madariaga . Paraje;PUBLICO;11100000;2240000;13340000;0.83208395802099;0;2000000;640000;Org Pub;02-Medio Ambiente
68;CR-12-PFI-2023;12;CR;NEA;CORRIENTES;Mejoramiento de suelos degradados por la producción de tomates cultivados bajo cubierta mediante la incorporación de enmiendas orgAnicas estabilizadas;"Instituto de Investigaciones Científicas (IDIC) – Fundación Jean Piaget
para el Desarrollo de la Educación y la Cultura del Nordeste - Universidad de la Cuenca del Plata.";"Instituto Nacional de
Tecnología Agropecuaria (INTA) Agencia de Extensión Rural (AER – GOYA)";PUBLICO;10000000;6319662;16319662;0.612757788733615;0;5000000;0;INTA;08-Agricultura
69;CR-13-PFI-2023;13;CR;NEA;CORRIENTES;Unidad de generación de energía alternativa para el Parque Tecnológico Universidad-Provincia de Corrientes;"UNIVERSIDAD NACIONAL DEL NORDESTE - Secretaría General de
Relaciones Interinstitucionales.";Universidad Nacional del Nordeste ;PUBLICO;10000000;3720000;13720000;0.728862973760933;0;4300000;0;Univ Pub;05-Energía
70;CR-14-PFI-2023;14;CR;NEA;CORRIENTES;Parque IBERA_Centro digital solar: Energía y conectividad para turistas que visitan los Esteros del IberA.;UNNE – FACENA – GRUPO GER;Universidad Nacional del Nordeste ;PUBLICO;14000000;3810000;17810000;0.786075238629983;0;5000000;0;Univ Pub;04-Transporte, telecomunicación y otras infraestructuras
71;CR-15-PFI-2023;15;CR;NEA;CORRIENTES;LABORATORIO DE EVALUACIÓN DE SOFTWARE Y SISTEMAS INFORMATICOS;FaCENA – UNNE;MINISTERIO DE HACIENDA Y FINANZAS DE LA PROVINCIA DE CORRIENTES DIRECCION DE ADMINISTRACION -SUBSECRETARIA DE SISTEMAS Y TECNOLOGÍAS DE LA INFORMACIÓN;PUBLICO;10000000;2500000;12500000;0.8;0;2900000;0;Org Pub;05-Energía
72;CR-16-PFI-2023;16;CR;NEA;CORRIENTES;Carbono Verde: Maximizando la Captura y Monetización del Potencial Forestal Urbano;Universidad Nacional del Nordeste (UNNE);Municipalidad de la Ciudad de Corrientes (MCC);PUBLICO;10000000;2250000;12250000;0.816326530612245;0;4000000;200000;Municipio;02-Medio Ambiente
73;CR-17-PFI-2023;17;CR;NEA;CORRIENTES;Desarrollo de un protocolo de inmunización de bovinos adultos  contra el complejo tristeza bovina;INTA - CENTRO REGIONAL CORRIENTES;Instituto Nacional de Tecnologia Agropecuaria (INTA);PUBLICO;13100000;7456000;20556000;0.637283518194201;0;6500000;0;INTA;02-Medio Ambiente
74;ER-1-PFI-2023;1;ER;CENTRO;ENTRE RIOS;"Hacia el diseño de sistemas agrícolas sostenibles en Entre RIOs: en búsqueda de
la neutralidad de carbono";" Facultad de Ciencias Agropecuarias, UNIVERSIDAD
NACIONAL DE ENTRE RIOS
";UNIVERSIDAD NACIONAL DE ENTRE RIOS;PUBLICO;13197000;4267039;17464039;0.755667116867982;4267039;6330000;0;Univ Pub;08-Agricultura
75;ER-2-PFI-2023;2;ER;CENTRO;ENTRE RIOS;"Diseño, Desarrollo y Validación de Simuladores PediAtricos de Alta Fidelidad para
entrenamiento del Personal de Enfermería";"Centro de Investigaciones - Facultad de Ciencias de
la Vida y la Salud";Universidad Autónoma de Entre RIOs (UADER)    Facultad de Ciencias de la Vida y la Salud (FCVyS);PUBLICO;25000000;10608000;35608000;0.70208941810829;10608000;12000000;500000;Univ Pub;07-Salud
76;ER-3-PFI-2023;3;ER;CENTRO;ENTRE RIOS;"AnAlisis genómico de la calidad de carne de cerdos de Entre RIOs. Construcción de
una base de datos para la aplicación de tecnología NIR.";UNIVERSIDAD NACIONAL DE ENTRE RIOS;UNIVERSIDAD NACIONAL DE ENTRE RIOS;PUBLICO;16815000;4405866;21220866;0.792380480608096;4405866;5450000;0;Univ Pub;08-Agricultura
77;ER-4-PFI-2023;4;ER;CENTRO;ENTRE RIOS;"Valorización de residuos de la industria citrícola de Entre RIOs mediante la extracción de
compuestos bioactivos a partir de la cAscara. AnAlisis de residuos de pesticidas en el extracto,
para garantizar la inocuidad del producto obtenido.";UNIVERSIDAD NACIONAL DE ENTRE RIOS;UNIVERSIDAD NACIONAL DE ENTRE RIOS;PUBLICO;20000000;7246144;27246144;0.734048825404432;7246144;9300000;0;Univ Pub;06-Producción y tecnología industrial
78;ER-5-PFI-2023;5;ER;CENTRO;ENTRE RIOS;"DESARROLLO DE TECNOLOGÍA SOSTENIBLE Y DE SISTEMA DE MONITOREO REMOTO
DE EFLUENTES LACTEOS QUE CONTRIBUYAN A LA SOSTENIBILIDAD AMBIENTAL";UNIVERSIDAD NACIONAL DE ENTRE RIOS - Facultad de Ciencias de la Alimentación;UNIVERSIDAD NACIONAL DE ENTRE RIOS;PUBLICO;18076857;4600830;22677687;0.79712084393792;4600830;8743800;348856;Univ Pub;02-Medio Ambiente
79;ER-6-PFI-2023;6;ER;CENTRO;ENTRE RIOS;"Implementación de un laboratorio de extracción, anAlisis de aceites y derivados de Cannabis,
destinado a cultivadores solidarios y ONGs inscriptos en el Registro del Programa de Cannabis
(REPROCANN).";UNIVERSIDAD NACIONAL DE ENTRE RIOS;UNIVERSIDAD NACIONAL DE ENTRE RIOS;PUBLICO;17280000;5573629;22853629;0.75611623869452;5573629;8640000;0;Univ Pub;07-Salud
80;ER-7-PFI-2023;7;ER;CENTRO;ENTRE RIOS;"Obtención de ingredientes alternativos a partir de tallos y raíces de cAñamo como
sustitutos alimenticios en productos snack extruidos de harinas de arroz";UNIVERSIDAD NACIONAL DE ENTRE RIOS;UNIVERSIDAD NACIONAL DE ENTRE RIOS;PUBLICO;21680000;5460000;27140000;0.798820928518791;5460000;10840000;0;Univ Pub;06-Producción y tecnología industrial
81;ER-8-PFI-2023;8;ER;CENTRO;ENTRE RIOS;"La aplicación de la industria 4.0 para la optimización del proceso de sprayado de
edulcorante de stevia orgAnica";"Facultad de Ciencias y Tecnología - UNIVERSIDAD
AUTÓNOMA DE ENTRE RIOS (UADER)";ORIGINS S.A.;PRIVADO;25000000;10950000;35950000;0.695410292072323;0;9050000;0;Emp Priv;06-Producción y tecnología industrial
82;ER-9-PFI-2023;9;ER;CENTRO;ENTRE RIOS;"Desarrollo de biofertilizantes y/o bioestimulantes producidos a partir de residuos de la
Industria frigorífica bovina en la provincia de Entre RIOs.
";;Universidad Autónoma de Entre RIOs;PUBLICO;20254328;9360000;29614328;0.683936775468955;9360000;7347328;400000;Univ Pub;12-Producción general de conocimiento
83;ER-10-PFI-2023;10;ER;CENTRO;ENTRE RIOS;"“Renaturalización y refuncionalización de cuencas de Arroyos urbanos. Infraestructura
verde y azul: espacios verdes públicos híbridos""";Facultad de Ciencias Agropecuarias;UNIVERSIDAD NACIONAL DE ENTRE RIOS y MUNICIPIO DE SAN BENITO;PUBLICO;22696782;8700365;31397147;0.722893134207385;8700365;7801500;0;Univ Pub;02-Medio Ambiente
84;FO-1-PFI-2023;1;FO;NEA;FORMOSA;Producción de material de propagación de mandioca de sanidad controlada para el mejoramiento tecnológico y productivo del cultivo en la provincia de Formosa: Una tecnología de vanguardia al servicio de la agricultura familiar.;Asociación Cooperadora del Proyectode Desarrollo Centro-Oeste de la Provincia de Formosa (PRODECO);Asociación Cooperadora del Proyecto de Desarrollo Centro-Oeste de la Provincia de Formosa (PRODECO);PUBLICO;24837730;10634000;35471730;0.700211971617962;4522000;11413345;0;ESFL;08-Agricultura
85;FO-2-PFI-2023;2;FO;NEA;FORMOSA;Producción sostenible de biolarvicida `para combatir el aedes aegypti, vector del dengue, chicungunya y zica en el norte Argentino, una solución para la emergencia sanitaria.;Universidad Provincial de Laguna Blanca ;Laformed S.A;PRIVADO;39997927;17700256;57698183;0.693226804039912;12144746;18411953;630000;Emp Priv;07-Salud
86;FO-3-PFI-2023;3;FO;NEA;FORMOSA;Producción en invernadero PCT&I: Equipamiento para producción e investigaciónde cultivos de interEs agronómico.;IPF - Institución PolitEcnico Formosa; Institución PolitEcnico Formosa;PUBLICO;11260000;7194000;18454000;0.610165817708898;2520000;5060000;0;Org Pub;02-Medio Ambiente
87;FO-4-PFI-2023;4;FO;NEA;FORMOSA;Formosa Inspira II, consolidando la Educación Tecnológica basada en competencias.;Unidad Provincial de Sistemas y Tecnologías de las Información(UPSTI);Recursos y Energía Formosa S.A;PRIVADO;40000000;16048090;56048090;0.713672847727728;6864000;19780000;640000;Emp Priv;06-Producción y tecnología industrial
88;FO-5-PFI-2023;5;FO;NEA;FORMOSA;Profilaxis y tratamiento de la tripanosomiasis y tristeza bovina:incorporación de equipos y puesta a punto de procesos para optimizar el diagnóstico.;Centro de Investigaciones y Transferencia de Formosa;Centro de Investigaciones y Transferencia de Formosa (CIT-FORMOSA);PUBLICO;27477657;11883883;39361540;0.698083891026621;3120000;7535057;400000;CONICET;06-Producción y tecnología industrial
89;FO-6-PFI-2023;6;FO;NEA;FORMOSA;I+D Aplicada a drones de usos multiples ;EMPRESA PROVICIONAL DE INNOVACIÓN  Y CONOCIMIENTO ABIERTO S.A..P.E.M;EMPRESA PROVICIONAL DE INNOVACIÓN  Y CONOCIMIENTO ABIERTO S.A..P.E.M;PRIVADO;56210000;24238000;80448000;0.698712211614956;2075000;27805000;0;Emp Priv;06-Producción y tecnología industrial
90;JU-1-PFI-2023;1;JU;NOA;JUJUY;Laboratorio de Criminalística y Ciencias Forenses del Instituto Universitario Provincial de Seguridad de Jujuy ;INSTITUTO UNIVERSITARIO PROVINCIAL DE SEGURIDAD;INSTITUTO UNIVERSITARIO PROVINCIAL DE SEGURIDAD;PUBLICO;30000000;7500000;37500000;0.8;3750000;13615000;0;Org Pub;09-Educación
91;JU-2-PFI-2023;2;JU;NOA;JUJUY;"El patrimonio en red. Conformación de un Repositorio Digital como herramienta de articulación para la Gestión, Investigación y Divulgación del patrimonio arqueológico de la provincia de Jujuy
";INSTITUTO DE DATACION Y ARQUEOMETRIA;INSTITUTO DE DATACION Y ARQUEOMETRIA;PUBLICO;30000000;7500000;37500000;0.8;3750000;13000000;640000;CONICET;10-Cultura, recreación, religión y medios de comunicación
92;JU-3-PFI-2023;3;JU;NOA;JUJUY;Mejora de la calidad de las artesanías textiles Puneñas garantizando un insumo proveniente de una esquila mecAnica calificada y un adecuado proceso de agregado de valor;INTI;Instituto Nacional de tecnologia Industrial (INTI);PUBLICO;20000000;8268600;28268600;0.707498779564605;8010000;0;550000;INTI;06-Producción y tecnología industrial
93;JU-4-PFI-2023;4;JU;NOA;JUJUY;Biodiversidad, Monitores Ambientales y Ciencia Ciudadana: Fortaleciendo el Vínculo Biocultural en el Parque Xibi Xibi, San Salvador de Jujuy;INSTITUTO DE ECORREGIONES ANDINAS;"INSTITUTO DE ECORREGIONES ANDINAS
MUNICIPALIDAD DE SAN SALVADOR DE JUJUY";PUBLICO;15000000;3750000;18750000;0.8;1875003;7500000;125000;CONICET;02-Medio Ambiente
94;JU-5-PFI-2023;5;JU;NOA;JUJUY;RED AGROCLIMATICA COMO HERRAMIENTA PARA EL DESARROLLO DE UNA VITIVINICULTURA DE PRECISIÓN;UNIVERSIDAD NACIONAL DE JUJUY;SECRETARIA DE VITIVINICULTURA;PUBLICO;20000000;6764000;26764000;0.747272455537289;4524000;10000000;0;Org Pub;08-Agricultura
95;JU-6-PFI-2023;6;JU;NOA;JUJUY;CENTRO TECNOLOGICO PARA LA IMPLEMENTACION DE LAS BUENAS PRACTICAS AGRICOLAS;UNIVERSIDAD NACIONAL DE JUJUY;UNIVERSIDAD NACIONAL DE JUJUY;PUBLICO;15000000;6290000;21290000;0.704556129638328;2760000;5740000;300000;Univ Pub;02-Medio Ambiente
96;JU-7-PFI-2023;7;JU;NOA;JUJUY;Reciclado mecAnico de plAstico, transferencia tecnológica en el marco de la economía circular y la transición justa en la Provincia de Jujuy;INTI;MINISTERIO DE AMBIENTE Y CAMBIO CLIMATICO DE LA PROVINCIA DE JUJUY;PUBLICO;20000000;8395050;28395050;0.704348117013353;1335000;9245000;0;Org Pub;02-Medio Ambiente
97;JU-8-PFI-2023;8;JU;NOA;JUJUY;UTILIZACIÓN DE HARINAS ENTERAS DE QUÍNOA Y MAÍZ CULLI EN LA ELABORACIÓN DE TAPAS PARA EMPANADAS ;UNIVERSIDAD NACIONAL DE JUJUY;FABRICA DE PASTAS ARANDA;PRIVADO;15000000;6750000;21750000;0.689655172413793;0;7500000;0;Emp Priv;06-Producción y tecnología industrial
98;JU-9-PFI-2023;9;JU;NOA;JUJUY;Sistema de tratamiento y aprovechamiento energEtico de efluentes de la producción porcina de escuelas AgrotEcnicas provinciales;INTI;Ministerio de Educación de la Provincia de Jujuy;PUBLICO;10000000;2500000;12500000;0.8;1500000;0;250000;Org Pub;02-Medio Ambiente
99;JU-10-PFI-2023;10;JU;NOA;JUJUY;Tecnologías en base a energía solar y forraje verde hidropónico para el fortalecimiento de los sistemas caprinos familiar de la Quebrada de Humahuaca;INTA;COMISION MUNICIPAL TUMBAYA;PUBLICO;10000000;3050000;13050000;0.766283524904215;2100000;5000000;0;Municipio;05-Energía
100;JU-11-PFI-2023;11;JU;NOA;JUJUY;Observatorio antropomEtrico-nutricional para el monitoreo y la prevención de la obesidad y otras enfermedades crónicas no transmisibles en el Municipio de PalpalA;INSTITUTO DE ECORREGIONES ANDINAS ;MUNICIPALIDAD DE PALPALA;PUBLICO;15000000;3966613;18966613;0.790863397697839;2544000;7487000;0;Municipio;07-Salud
101;LP-1-PFI-2023;1;LP;PATAGONIA;LA PAMPA;Modulo de produccion escalable y controlada para la obtencion de derivados medicinales de cannabis en la provincia de La Pampa ;Facultad de Agronomia de la Universidad Nacional de La Pampa;Universidad Nacional de La Pampa;PUBLICO;50000000;12777144;62777144;0.796468217795955;12777144;25000000;0;Univ Pub;06-Producción y tecnología industrial
102;LP-2-PFI-2023;2;LP;PATAGONIA;LA PAMPA;Locus Niger. Ciencia, arte y tecnologia en experiencias abiertas en salud comunitaria ;Universidad Nacional de La Pampa;Universidad Nacional de La Pampa;PUBLICO;30000000;8117946;38117946;0.787030864674608;8117946;15000000;640000;Univ Pub;07-Salud
103;LP-3-PFI-2023;3;LP;PATAGONIA;LA PAMPA;"""Eco- asfalto ""Un camino sustentable hacia la reutilizacion de plasticos recuperados de RSU para la produccion de pavimento""";Universidad Nacional de La Pampa;Universidad Nacional de La Pampa;PUBLICO;30000000;8160000;38160000;0.786163522012579;8160000;15000000;400000;Univ Pub;02-Medio Ambiente
104;LP-4-PFI-2023;4;LP;PATAGONIA;LA PAMPA;SIROS- Sistema robotizado de suministro de alimentos para la mejora y la optimizacion del manejo integral de comederos de mediccion de consumo;INTA ;Intituto Nacional de Tecnologia Agropecuaria -INTA-;PUBLICO;40000000;10620000;50620000;0.790201501382853;10620000;23000000;640000;INTA;06-Producción y tecnología industrial
106;LP-5-PFI-2023;5;LP;PATAGONIA;LA PAMPA ;CAPRI PAMPA: Enmiendas orgAnicas comunales caprinas del oeste profundo pampeano.;;Municipalidad de Algarrobo del Aguila;PUBLICO;20000000;4855200;24855200;0.804660594161383;4855200;10000000;400000;Municipio;06-Producción y tecnología industrial
105;LP-6-PFI-2023;6;LP;PATAGONIA;LA PAMPA;Optimizacion y digitalizacion de procesos de certififacion para la mejora de calidad de alimentos en la industria lactea pampeana;Facultad de Ciencias Veterinarias (UNLPam);UNIVERSIDAD NACIONAL DE LA PAMPA-LABCAP (Laboratorio de calidad de alimentos pampeanos);PUBLICO;30000000;10012040;40012040;0.749774317930303;10012040;7330000;0;Univ Pub;06-Producción y tecnología industrial
107;LR-1-PFI-2023;1;LR;NOA;LA RIOJA;Desarrollo de un sistema de monitoreo y procesamiento de datos y variables ambientales en regiones con potencialidad en Litio y otros minerales como recurso estratEgico en La Rioja;"INSTITUTO REGIONAL DE PLANIFICACION,
CONTROL Y SERVICIOS AMBIENTALES (IREPCYSA)";DIRECCION GENERAL DE MINERIA;PUBLICO;20000000;7440000;27440000;0.728862973760933;7440000;10000000;400000;Org Pub;02-Medio Ambiente
108;LR-2-PFI-2023;2;LR;NOA;LA RIOJA;Diseñando el futuro: Laboratorio de Fabricación Digital 3D para la creación de prototipos funcionales;"Facultad Regional La Rioja- Universidad
Tecnológica Nacional (UTN)";Ministerio de Trabajo, Empleo e Industria;PUBLICO;20000000;5022000;25022000;0.799296618975302;5022000;10000000;400000;Org Pub;12-Producción general de conocimiento
109;LR-3-PFI-2023;3;LR;NOA;LA RIOJA;"MUSEO INTERACTIVO ITINERANTE DE CIENCIAS – FORTALECIMIENTO DEL SISTEMA
EDUCATIVO DE LA RIOJA (DESPERTAR VOCACIONES CIENTIFICAS)";FACULTAD REGIONAL LA RIOJA UTN;Universidad Tecnologica Nacional- Facultad regional La Rioja ;PUBLICO;20000000;5400000;25400000;0.78740157480315;5400000;10000000;400000;Univ Pub;09-Educación
110;LR-4-PFI-2023;4;LR;NOA;LA RIOJA;Semillero de especies forrajeras nativas.;INTA;Secretaría de Ganadería;PUBLICO;16610000;2400000;19010000;0.873750657548659;2400000;7600000;250000;Org Pub;08-Agricultura
111;LR-5-PFI-2023;5;LR;NOA;LA RIOJA;Aplicación de tecnologías innovadoras (domótica, climatización pasiva, reutilización de aguas grises, empleo de EERR) en el diseño y construcción de viviendas en La Rioja.;FACULTAD REGIONAL LA RIOJA UTN;Universidad Tecnologica Nacional- Facultad regional La Rioja ;PUBLICO;20000000;7200000;27200000;0.735294117647059;7200000;6500000;600000;Univ Pub;04-Transporte, telecomunicación y otras infraestructuras
112;LR-6-PFI-2023;6;LR;NOA;LA RIOJA;Diseño y desarrollo de plataforma de información turística, implementada en tótems digitales e interactivos.;"Universidad Tecnológica Nacional (UTN) Facultad
Regional La Rioja";Secretaría de Turismo de La Rioja;PUBLICO;20000000;5000000;25000000;0.8;5000000;7900000;0;Org Pub;10-Cultura, recreación, religión y medios de comunicación
113;LR-7-PFI-2023;7;LR;NOA;LA RIOJA;Sistema de Control de Acceso y Gestión de Credenciales.;UTN Facultad Regional La Rioja;DIRECCION GENERAL DE ADMINISTRACION - SECRETARIA GENERAL Y LEGAL DE LA GOBERNACION;PUBLICO;15000000;3750003;18750003;0.79999987200002;3750003;6500000;0;Org Pub;06-Producción y tecnología industrial
114;LR-8-PFI-2023;8;LR;NOA;LA RIOJA;Agricultura de precisión: innovación hacia los productores vitícolas de La Rioja.;"INSTITUTO NACIONAL DE TECNOLOGIA
AGROPECUARIA – EEA CHILECITO";Instituto Nacional de Tecnología Agropecuaria- INTA-;PUBLICO;15000000;3036000;18036000;0.83166999334664;2736000;7500000;0;INTA;08-Agricultura
115;LR-9-PFI-2023;9;LR;NOA;LA RIOJA;Desarrollo de un dispositivo y software para geolocalización de caprinos mediante GPS sobre infraestructura IoT LoRaWAN    ;AGENCIA DE EXTENSIÓN RURAL CHAMICAL - INTA;"COOPERATIVA DE TRABAJO Y SERVICIOS PARA
PRODUCTORES RURALES LOS LLANOS LTDA";PRIVADO;10000000;7210601;17210601;0.581037233969924;3267520;5000000;0;ESFL;08-Agricultura
116;LR-10-PFI-2023;10;LR;NOA;LA RIOJA;Plataforma de E-Commerce con realidad virtual para la cAmara empresarial Riojana.   ;UTN Facultad Regional La Rioja;Ministerio de Trabajo, Empleo e Industria Subsecretaría de Comercio Interior y Defensa al Consumidor;PUBLICO;10000000;2500002;12500002;0.79999987200002;2500002;4800000;0;Org Pub;06-Producción y tecnología industrial
117;LR-11-PFI-2023;11;LR;NOA;LA RIOJA;Creación de un repositorio virtual, de modo que se dE a conocer el patrimonio Arqueológico y Paleontológico de vertebrados del repositorio provincial alojado en el CRILAR.;"Centro Regional de Investigaciones Científicas
y Transferencia Tecnológica de La Rioja";"Centro Regional de Investigaciones Científicas
y Transferencia Tecnológica de La Rioja";PUBLICO;10000000;5600000;15600000;0.641025641025641;5400000;4500000;300000;CONICET;10-Cultura, recreación, religión y medios de comunicación
118;LR-12-PFI-2023;12;LR;NOA;LA RIOJA;Optimización del recurso energEtico domiciliario, para el mejoramiento socioeconómico de familias vulnerables.;EDELAR S. A.;EDELAR S. A.;PRIVADO;10000000;6000000;16000000;0.625;6000000;5000000;200000;Emp Priv;05-Energía
119;LR-13-PFI-2023;13;LR;NOA;LA RIOJA;Estación ambiental en la reserva urbana taku: generación de suelo, energía sustentable y educación ambiental.;"Grupo de Actividades Interdisciplinarias Ambientales (GAIA)-
Universidad Tecnológica Nacional- Facultad Regional de La Rioja.";UNIDAD DE ENLACE Y ASESORAMIENTO PARA EL ORDENAMIENTO Y DESARROLLO LOCAL O. P. ;PUBLICO;10000000;3100000;13100000;0.763358778625954;3100000;5000000;0;Org Pub;02-Medio Ambiente
120;MZ-1-PFI-2023;1;MZ;CUYO;MENDOZA;Abordaje integral del potencial de Humedales Construidos como Soluciones Basadas en la Naturaleza (SbNs) en el tratamiento de aguas residuales en Mendoza.;INTA EEA Mendoza;INSTITUTO NACIONAL DE TECNOLOGIA AGROPECUARIA;PUBLICO;16870000;7176000;24046000;0.701571987024869;2804000;4870000;0;INTA;02-Medio Ambiente
121;MZ-2-PFI-2023;2;MZ;CUYO;MENDOZA;Diseño de alimentos de alto valor nutricional para ganado en base a biomasa resultante de ind locales;"Facultad de ciencias aplicadas a la industria; Universidad nacional de cuyo";CONECAR S.A.;PRIVADO;21281000;87938000;109219000;0.19484705042163;79488000;13581000;0;Emp Priv;08-Agricultura
122;MZ-3-PFI-2023;3;MZ;CUYO;MENDOZA;Desarrollo de un test diagnóstico de fAcil utilización para la detección del Virus del Papiloma Humano y Chlamydia trachomatis;"Facultad de ciencias mEdicas; Universidad nacional de Cuyo";UNIVERSIDAD NACIONAL DE CUYO;PUBLICO;12290000;23994000;36284000;0.338716789769595;23994000;1500000;0;Univ Pub;07-Salud
123;MZ-4-PFI-2023;4;MZ;CUYO;MENDOZA;Estrategia innovadora para mejorar la eficiencia reproductiva en hembras bovinas mediante suplementación forrajera en el desierto mendocino (Uspallata). Implementación de un banco de germoplasma local.;Instituto de biología y medicina experimental de Cuyo (IMBECU);CONSEJO NACIONAL DE INVESTIGACIONES CIENTIFICAS Y TECNICAS CONICET;PUBLICO;23385000;16045799;39430799;0.593064320101655;16045799;1360000;0;CONICET;08-Agricultura
124;MZ-5-PFI-2023;5;MZ;CUYO;MENDOZA;Mejora de la calidad del material de propagación de vid y cerezo basada en implementación de procesos biotecnológicos, para mejorar la sustentabilidad de las cadenas y promover productos intensivos en conocimiento;EEA Mendoza INTA;INSTITUTO NACIONAL DE TECNOLOGIA AGROPECUARIA- INTA-;PUBLICO;24936000;10020000;34956000;0.713353930655681;10020000;12286000;640000;INTA;08-Agricultura
125;MZ-6-PFI-2023;6;MZ;CUYO;MENDOZA;Desarrollo y validación clínica piloto del prototipo de un test para el diagnóstico temprano de hepatocarcinoma por medio de la detección de biomarcadores epigenEticos en biopsia líquida.;Instituto de histología y embriología Mensoza IHEM;INSTITUTO DE HISTOLOGIA Y EMBRIOLOGIA IHEM;PUBLICO;15165000;7950000;23115000;0.656067488643738;7200000;2530000;300000;CONICET;07-Salud
126;MZ-7-PFI-2023;7;MZ;CUYO;MENDOZA;Desarrollo de capacidades en transformación digital para asistencia a la industria de Mendoza;INTI Mendoza;INSTITUTO NACIONAL DE TECNOLOGIA INDUSTRIAL CENTROS DE INVESTIGACION;PUBLICO;20380000;5472000;25852000;0.788333591211512;5472000;10080000;0;INTI;02-Medio Ambiente
127;MZ-8-PFI-2023;8;MZ;CUYO;MENDOZA;Fortalecimiento del Museo Interactivo Audiovisual (MIA): ciencia, innovación tecnológica y valoración sociocultural y territorial de una zona urbano marginal del Area metropolitana de Mendoza;Instituto de ciencias humanas, sociales y ambientales CONICET CCT Mendoza;ASOCIACION CIVIL FILM ANDES;PRIVADO;13160000;5854000;19014000;0.692121594614495;2694000;6515000;0;ESFL;10-Cultura, recreación, religión y medios de comunicación
128;MZ-9-PFI-2023;9;MZ;CUYO;MENDOZA;Agricultura de precisión mediante la aplicación de imAgenes multiespectrales y termicas con drones. Herramientas para la identificación de carga frutal en la provincia de mendoza.;Instituto desarrollo rural;Instituto desarrollo rural;PRIVADO;9377640;4021560;13399200;0.699865663621709;0;6979800;0;ESFL;08-Agricultura
129;MZ-10-PFI-2023;10;MZ;CUYO;MENDOZA;Aplicación de tecnología 4.0 en municipios y en la administración tributaria de mendoza para la integración del proceso de transferencia de propiedades inmuebles;Universidad del aconcagua;UNIVERSIDAD DEL ACONCAGUA;PRIVADO;25000000;11120000;36120000;0.692137320044297;9120000;1500000;0;Univ Priv;11-Estructuras, procesos y sistemas políticos y sociales
130;MZ-11-PFI-2023;11;MZ;CUYO;MENDOZA;Disposición final de tubos de vapor de sodio y lAmparas de mercurio y mercurio halogenado desechadas y en desuso;Fundación universidad nacional de cuyo;JUNIN PUNTO LIMPIO S. A. U.;PRIVADO;11720000;2630000;14350000;0.816724738675958;1130000;7600000;0;Emp Priv;02-Medio Ambiente
131;MI -1-PFI-2023;1;MI ;NEA;MISIONES;Estandarización de mEtodos de monitoreo de servicios ecosistEmicos de suelo misionero ;INSTITUTO MISIONERO DE BIODIVERSIDAD (IMIBIO);INSTITUTO MISIONERO DE BIODIVERSIDAD (IMIBIO);PUBLICO;16000000;6600000;22600000;0.707964601769911;5640000;8000000;0;Org Pub;02-Medio Ambiente
132;MI -2-PFI-2023;2;MI ;NEA;MISIONES;Manejo de la arañuela roja (Tetranychus urticae), plaga del cultivo de Cannabis, mediante la aplicación de cepas nativas de Beauveria bassiana ;BiofAbrica Misiones SA;BiofAbrica Misiones SA;PRIVADO;14500000;6214286;20714286;0.699999990344828;0;5135700;0;Emp Priv;08-Agricultura
133;MI -3-PFI-2023;3;MI ;NEA;MISIONES;Adaptación de las Tecnologías de Fabricación Digital a la producción de objetos derivados de los Polímeros Urbanos Recuperados ;Universidad Nacional de Misiones;Universidad Nacional de Misiones;PUBLICO;35000000;18357662;53357662;0.655950779852386;18357662;12700000;0;Univ Pub;06-Producción y tecnología industrial
134;MI -4-PFI-2023;4;MI ;NEA;MISIONES;Desarrollo de cApsulas de tE o yerba mate enriquecido en antioxidante para consumo directo ;INTI;Instituto Nacional de Tecnología Industrial- INTI-;PUBLICO;26000000;6552000;32552000;0.798722044728435;6552000;13000000;0;INTI;06-Producción y tecnología industrial
135;MI -5-PFI-2023;5;MI ;NEA;MISIONES;Bioinsumos de nueva generación: microencapsulación de enzimas micolíticas fúngicas para el biocontrol de hormigas cortadoras de hojas ;Universida Nacional de Misiones;Universidad Nacional de Misiones-                 Laboratorio de Biotecnología Molecular. Instituto de Biotecnología de Misiones. Facultad de Ciencias Exactas , químicas y naturales. ;PUBLICO;15000000;6347500;21347500;0.702658390912285;6347500;5280000;0;Univ Pub;08-Agricultura
136;MI -6-PFI-2023;6;MI ;NEA;MISIONES;Prototipo de un kit de diagnóstico molecular de los genotipos de Trypanosoma cruzi, agente causal de la enfermedad de Chagas ;Fundación Universitaria Católica de la Misiones;Fundación Universitaria Católica de la Misiones;PRIVADO;16000000;6857144;22857144;0.699999965000002;0;5000000;0;ESFL;07-Salud
137;MI -7-PFI-2023;7;MI ;NEA;MISIONES;Detección e identificación de virus que afectan a cultivos de importancia regional en Misiones y desarrollo de herramientas moleculares para su diagnóstico ;Instituto Nacional de Tecnología Agropecuaria (INTA) Centro Regional Misiones;Instituto Nacional de Tecnología Agropecuaria (INTA Centro Regional Misiones);PUBLICO;14100000;18240000;32340000;0.435992578849722;18240000;6500000;0;INTA;08-Agricultura
138;MI -8-PFI-2023;8;MI ;NEA;MISIONES;Epidemiología molecular y desarrollo de algoritmos aplicables para el control de Enterobacterales productores de carbapenemasas en la provincia de Misiones ;Universidad Nacional de Misiones (UNAM);Universidad Nacional de Misiones-Facultad de Ciencias Exactas, químicas y Naturales;PUBLICO;12000000;21604178;33604178;0.357098453650614;21604178;6000000;0;Univ Pub;07-Salud
139;MI -9-PFI-2023;9;MI ;NEA;MISIONES;Patrones de expresión de microARNs como biomarcadores predictores de cAncer en pacientes con Diabetes Mellitus tipo 2 ;Universidad Nacional de Misiones (UNAM);Universidad Nacional de Misiones (UNAM);PUBLICO;11000000;8340000;19340000;0.568769389865564;8340000;900000;0;Univ Pub;07-Salud
140;MI -10-PFI-2023;10;MI ;NEA;MISIONES;Especies frutales del monte misionero: Información genómica para la puesta en valor y el uso sustentable de los recursos nativos ;Universidad Nacional de Misiones (UNAM);Universidad Nacional de Misiones (UNAM);PUBLICO;10000000;5697732;15697732;0.637034700299381;5697732;0;0;Univ Pub;08-Agricultura
141;MI -11-PFI-2023;11;MI ;NEA;MISIONES;Desarrollo de bases de datos de biodiversidad: Llenando vacíos de información de anfibios, peces y micromamíferos de la provincia de Misiones ;Instituto de Biología Subtropical, centro cientifico tecnologico conicet Nordeste.;Instituto de Biología Subtropical,(CCT CONICET Nordeste);PUBLICO;10400000;18487286;28887286;0.360019975569875;18487286;0;0;CONICET;02-Medio Ambiente
142;MI -12-PFI-2023;12;MI ;NEA;MISIONES;Sistema de generación con energía solar fotovoltaica para el bombeo de nutrientes en cultivos de hortalizas para hidroponía ;Universidad Nacional de Misiones (UNAM);Universidad Nacional de Misiones-Facultad de Ingenieria ;PUBLICO;10000000;3958250;13958250;0.71642218759515;3958250;0;0;Univ Pub;05-Energía
143;MI -13-PFI-2023;13;MI ;NEA;MISIONES;"Bioprospección de enzimas de interEs industrial y biotecnológico a partir de la plataforma de
metagenomas de suelo del bosque nativo de Misiones";Universidad Nacional de Tecnología Industrial;Universidad Nacional de Misiones;PUBLICO;10000000;15005040;25005040;0.399919376253747;2505600;0;0;Univ Pub;02-Medio Ambiente
144;NQN-1-PFI-2023;1;NQ;PATAGONIA;NEUQUEN;Hablando se entiende la gente ;Hospital Provincial Neuquen;Ministerio de Salud de la Provincia de Neuquen;PUBLICO;10000000;14014000;24014000;0.41642375281086;13364000;1700000;0;Org Pub;07-Salud
145;NQN-2-PFI-2023;2;NQ;PATAGONIA;NEUQUEN;Red colaborativa de agroalimentos del Neuquen;Instituto Patagonico de Estudios de Humanidades y Ciencias Sociales (IPEHCS- CONICET- UNCO);Ministerio de Produccion e Industria- programa PRODA;PUBLICO;28727799;7240000;35967799;0.798708839537276;5040000;18727799;0;Org Pub;08-Agricultura
146;NQN-3-PFI-2023;3;NQ;PATAGONIA;NEUQUEN;Proteina unicelular de levaduras para alimentacion de porcinos;Universidad Nacional del Comahue;Universidad Nacional del Comahue;PUBLICO;14150000;4320000;18470000;0.76610720086627;4320000;6700000;0;Univ Pub;08-Agricultura
147;NQN-4-PFI-2023;4;NQ;PATAGONIA;NEUQUEN;Sistema inteligente de gestion turistica neuquen;Centro Pyme Adeneu;Ministerio de Turismo;PUBLICO;31006800;19590000;50596800;0.612821364196945;15840000;13340000;0;Org Pub;12-Producción general de conocimiento
148;NQN-5-PFI-2023;5;NQ;PATAGONIA;NEUQUEN;Red de agroturismo inteligente en la provincia del neuquen;IPEHCS-CONICET-Unco; INSTITUTO PATAGONICO DE ESTUDIOS DE HUMANIDADES Y CIENCIAS SOCIALES (IPEHCS-CONICET-UNCO);PUBLICO;27233983;6800000;34033983;0.800199700399451;6000000;11433983;500000;CONICET;08-Agricultura
149;NQN-6-PFI-2023;6;NQ;PATAGONIA;NEUQUEN;Aplicación de una tecnica innovadora de probetas miniatura para la calificacion mecanica de materiales aplicados en la industria energetica de la cuenca neuquina;COMISIÓN NACIONAL DE ENERGÍA ATÓMICA;COMISIÓN NACIONAL DE ENERGÍA ATÓMICA;PUBLICO;20000000;5000001;25000001;0.799999968000001;4000001;12100000;0;CNEA;05-Energía
150;NQN-7-PFI-2023;7;NQ;PATAGONIA;NEUQUEN;Fortalecimiento de la Cadena de Valor Apicola Neuquina;Centro Pyme Adeneu;Centro PYME Adeneu;PUBLICO;21292000;8600000;29892000;0.71229760471029;8600000;10640000;0;Otros Org CyT ;08-Agricultura
151;NQN-8-PFI-2023;8;NQ;PATAGONIA;NEUQUEN;Integracion de energia renovable a la convencional, en huertas agroecologicas escolares en zonas urbanas con comunidades vulnerables;Centro de formacion Profesional n 35- Fundacion Julio palacios- INTA PATAGONIA NORTE;Centro de formacion profesional n35.;PUBLICO;11765000;4992000;16757000;0.702094647013188;4992000;9295000;200000;Org Pub;09-Educación
152;NQN-9-PFI-2023;9;NQ;PATAGONIA;NEUQUEN;Eficiencia Energetica y aprovechamiento sostenible del recurso hidrico de Picun Leufu para el servicio de abastecimiento de agua potable;Municipalidad de Picun Lefu;Municipalidad de Picun Lefu;PUBLICO;20824418;9227672;30052090;0.692944084754172;9227672;10428618;0;Municipio;05-Energía
153;NQN-10-PFI-2023;10;NQ;PATAGONIA;NEUQUEN;Fortalecimiento del laboratorio de fabricacion digital de la municipalidad de Villa la Angostura;Fab Lab Villa la angostura ;Municipalidad de Villa la Angostura;PUBLICO;15000000;5320000;20320000;0.738188976377953;2640000;7000000;0;Municipio;12-Producción general de conocimiento
154;RN-1-PFI-2023;1;RN;PATAGONIA;RIO NEGRO;Desarrollos tecnológicos para procesos de producción de radioisótopos de uso mEdico;COMISIÓN NACIONAL DE ENERGÍA ATÓMICA;COMISIÓN NACIONAL DE ENERGÍA ATÓMICA;PUBLICO;34000000;12618000;46618000;0.729332017675576;10918000;16980000;0;CNEA;02-Medio Ambiente
155;RN-2-PFI-2023;2;RN;PATAGONIA;RIO NEGRO;Desarrollo de una plataforma automatizada para el control de calidad de levaduras aplicadas a la industria;IPATEC (CONICET - COMAHUE);Consejo Nacional de Investigaciones Científicas y TEcnicas (CONICET);PUBLICO;23000000;5750000;28750000;0.8;5750000;10322000;460000;CONICET;06-Producción y tecnología industrial
156;RN-3-PFI-2023;3;RN;PATAGONIA;RIO NEGRO;Realidad virtual e inteligencia artificial para enseñanza y aprendizaje de habilidades profesionales para el equipo de salud ;Universidad Nacional  de Rio Negro;Universidad Nacional de Rio Negro;PUBLICO;16000000;4000000;20000000;0.8;4000000;7250000;0;Univ Pub;07-Salud
157;RN-4-PFI-2023;4;RN;PATAGONIA;RIO NEGRO;Valorización de la producción de escencias para el biocontrol de plagas;Universidad Nacional  del Comahue (UNCo);Universidad Nacional  del Comahue (UNCo), Universidad Nacional del Sur e INTA Alto Valle;PUBLICO;15000000;11644000;26644000;0.562978531751989;9744000;7500000;300000;Univ Pub;08-Agricultura
158;RN-5-PFI-2023;5;RN;PATAGONIA;RIO NEGRO;Restauracion de precision en bosques andino patagonicos impactados por incendios: desarrollo de tecnicas y tecnologias aoripiables;INBIOMA-CONICET;Consejo Nacional de Investigaciones Científicas y TEcnicas (CONICET);PUBLICO;19000000;7125780;26125780;0.727251014132401;7125780;5650000;0;CONICET;08-Agricultura
159;RN-6-PFI-2023;6;RN;PATAGONIA;RIO NEGRO;Guia para el manejo eficiente del agua para productores ganaderos norpatagonicos frente a la persistente crisis hidrica.;INTA ;INTA ( agencia extension rural);PUBLICO;23000000;6464000;29464000;0.780613630192778;3862000;11474000;0;INTA;01-Exploración y explotación de la tierra
160;RN-7-PFI-2023;7;RN;PATAGONIA;RIO NEGRO;Obtención de levaduras nativas rionegrinas hiperproductoras de astaxantina para su aplicación biotecnológica en la industria acuícola, cosmEtica y nutracEutica;;Consejo Nacional de Investigaciones Científicas y TEcnicas (CONICET);PUBLICO;20000000;5700000;25700000;0.778210116731518;5700000;10000000;400000;CONICET;06-Producción y tecnología industrial
161;RN-8-PFI-2023;8;RN;PATAGONIA;RIO NEGRO;Nuevas oportunidades en la producción regional del lúpulo: micropropagación y uso fitoquímico para potenciar sus aplicaciones industriales y superar obstAculos;;Universidad Nacional de Rio Negro;PUBLICO;15000000;3750000;18750000;0.8;3750000;6200000;0;Univ Pub;08-Agricultura
162;RN-9-PFI-2023;9;RN;PATAGONIA;RIO NEGRO;Obtencion de un ingrediente alimentario a partir de un subproducto de la agroindustria rionegrina: orujo de manzana ;UNRN;Universidad Nacional de Rio Negro;PUBLICO;15000000;3750000;18750000;0.8;3750000;14200000;0;Univ Pub;06-Producción y tecnología industrial
163;RN-10-PFI-2023;10;RN;PATAGONIA;RIO NEGRO;Carne carbono neutra. Desarrollo de herramientas para estimar con una app la captura de carbono en sistemas silvopastoriles de valles irrigados.;CIEFAP;Centro de Investigación y Extensión Forestal Andino Patagónico (CIEFAP);PUBLICO;20000000;5568000;25568000;0.782227784730914;5568000;20000000;0;Otros Org CyT;08-Agricultura
164;SA-1-PFI-2023;1;SA;NOA;SALTA;"Sustentabilidad 3.0.: Desarrollo de App y uso de tecnologías de drones para implementar
sistema de alarma para el MIC en el cultivo de tabaco";"INTA
Centro Regional Salta-Jujuy (EEA Salta)";Instituto Nacional de Tecnologia Agropecuaria -INTA-;PUBLICO;26150591;6598800;32749391;0.798506176801883;6598800;11897000;640000;INTA;08-Agricultura
165;SA-2-PFI-2023;2;SA;NOA;SALTA;Intervenciones de control para mitigación de los casos de Salmonella Paratyphi B, endEmica en la ciudad de Salta;INIQUI-UNSa-CONICET;INSTITUTO DE INVESTIGACIONES PARA LA INDUSTRIA (INIQUI) - CONICET;PUBLICO;35540000;16536000;52076000;0.682464090944005;16416000;17770000;640000;CONICET;07-Salud
166;SA-3-PFI-2023;3;SA;NOA;SALTA;AnAlisis geoespacial de la deficiencia de yodo en la provincia de Salta: Confección de un mapa multidimensional que permita identificar Areas de riesgo para la salud humana y la producción animal.;CCT SALTA-JUJUY, INTA, IBIGEO, CNEA;HOSPITAL DR ATURO OÑATIVIA (HAO);PUBLICO;37553159;30289981;67843140;0.5535291998572;28284000;18054339;640000;Org Pub;07-Salud
167;SA-4-PFI-2023;4;SA;NOA;SALTA;Desarrollo de una plataforma de medicina genómica de precisión aplicada al diagnóstico de trastornos del neurodesarrollo (TDN) en población infantil asistida en el Hospital Público Materno Infantil de Salta;CCT CONICET SALTA-JUJUY;FUNDACION HOSPITAL PÚBLICO MATERNO INFANTIL;PUBLICO;22300000;20010000;42310000;0.527062160245805;20010000;6350000;640000;ESFL;07-Salud
168;SA-5-PFI-2023;5;SA;NOA;SALTA;NUEVOS PANELES CON UN ENFOQUE SINDRÓMICO PARA EL DIAGNOSTICO MOLECULAR DE ENFERMEDADES DE IMPORTANCIA SANITARIA EN EL NOROESTE ARGENTINO: SALMONELOSIS, DENGUE, COVID-19 E INFLUENZA;Instituto de Investigación para la Industria Química (INIQUI);Consejo Nacional de Investigaciones Científicas y TEcnicas (CONICET);PUBLICO;12534200;12780000;25314200;0.495145017421052;12780000;6000000;640000;CONICET;07-Salud
169;SA-6-PFI-2023;6;SA;NOA;SALTA;Transferencia de plantines de caña de azúcar de alta calidad para su uso como caña semilla.;Chacra Experimental Agricola Santa Rosa;Chacra Experimental Agricola Santa Rosa;PRIVADO;20765650;10740110;31505760;0.65910646180254;0;8665650;0;Emp Priv;08-Agricultura
170;SA-7-PFI-2023;7;SA;NOA;SALTA;Aplicación de Inteligencia Artificial (aprendizaje automAtico) a la prospección avanzada de recursos minerales (pórfidos Cu-Mo-Au y epitermales Au-Ag-Cu) en la Puna Salteña.;Instituto de Bio y Geociencias del NOA, CONICET-UNSa;Consejo Nacional de Investigaciones Científicas y TEcnicas (CONICET);PUBLICO;25099500;10280000;35379500;0.70943625545867;10280000;8053000;640000;CONICET;01-Exploración y explotación de la tierra
171;SA-8-PFI-2023;8;SA;NOA;SALTA;Innovación tecnológica para una experiencia accesible e inclusiva en el Museo Regional Andino. San Antonio de los Cobres (Salta);Universidad Católica de Salta;Municipio de San Antonio de los Cobres;PUBLICO;10006900;2160000;12166900;0.822469158125735;2160000;4703300;640000;Municipio;10-Cultura, recreación, religión y medios de comunicación
172;SA-9-PFI-2023;9;SA;NOA;SALTA;Caracterización de levaduras asociada al terroir vitivinícola de Cachi, Salta;Universidad Nacional del Comahue;MIRALUNA SRL;PRIVADO;10050000;4350000;14400000;0.697916666666667;0;4200000;0;Emp Priv;08-Agricultura
173;SJ-1-PFI-2023;1;SJ;CUYO;SAN JUAN;Diseño, aprobación y construcción de un prototipo de vivienda rural en Quincha mejorada bajo estAndares de eficiencia energEtica (calingasta);Universidad nacional de san juan-Facultad de arquitectura urbanismo y diseño;Universidad Nacional de San Juan;PUBLICO;15000000;3750000;18750000;0.8;400000;3729600;375000;Univ Pub;04-Transporte, telecomunicación y otras infraestructuras
174;SJ-2-PFI-2023;2;SJ;CUYO;SAN JUAN;Hospìtal virtual del colegio medico san juan;N/A;Colegio mEdico San Juan;PRIVADO;10066600;14368000;24434600;0.411981370679283;5460000;3272600;0;ESFL;07-Salud
175;SJ-3-PFI-2023;3;SJ;CUYO;SAN JUAN;Laboratorios remotos de la UNSJ, con una mirada inclusiva al conocimiento;Universidad nacional de san juan-Facultad de ingeniería;Universidad Nacional de San Juan;PUBLICO;20000000;5007600;25007600;0.799756873910331;5007600;8000000;0;Univ Pub;09-Educación
176;SJ-4-PFI-2023;4;SJ;CUYO;SAN JUAN;Neurociencias aplicadas y tecnologías innovadoras para el tratamiento de enfermedades neurológicas y psiquiAtricas;Hospital Dr.Guillermo Rawson;Fundación investigaciones mEdicas FUDIM;PUBLICO;22000000;6740239;28740239;0.765477280825674;4538971;11000000;0;ESFL;07-Salud
177;SJ-5-PFI-2023;5;SJ;CUYO;SAN JUAN;Cielo para las infancias;Facultad de ciencias exactas, físicas y naturales;Ministerio de educación del gobierno de San Juan;PUBLICO;14996800;3360000;18356800;0.816961561928005;3360000;8744800;0;Org Pub;03-Exploración y explotación del espacio
178;SJ-6-PFI-2023;6;SJ;CUYO;SAN JUAN;Plataforma de anAlisis de movimientos para trastornos posturales y neuromotores;Instituto de bioingeniería;Universidad Nacional de San Juan - Instituto de bioingeniería;PUBLICO;17060000;4338325;21398325;0.797258663937481;4338325;17060000;0;Univ Pub;07-Salud
179;SJ-7-PFI-2023;7;SJ;CUYO;SAN JUAN;Adaptación de la olivicultura al cambio climAtico: selección varietal y desarrollo de sistemas de manejo innovativos y sostenibles;Instituto Nacional de Tecnología Agropecuaria EEA San Juan;Instituto Nacional de Tecnología Agropecuaria (INTA- EEA San Juan);PUBLICO;15000000;12438153;27438153;0.546684027893569;12438153;7500000;340000;INTA;08-Agricultura
180;SJ-8-PFI-2023;8;SJ;CUYO;SAN JUAN;Fortalecimiento de módulo educativo de producción de leche bovina a pequeña escala en la escuela agrotEcnica profesora ana perez ciani;Agencia de extensión rural caucete INTA San Juan;GOBIERNO DE LA PROVINCIA DE SAN JUAN ADMINISTRACION CENTRAL C - Escuela agrotEcnica profesora Ana Perez Ciani;PUBLICO;15000000;3756000;18756000;0.799744081893794;3756000;2850000;0;Org Pub;09-Educación
181;SJ-9-PFI-2023;9;SJ;CUYO;SAN JUAN;Acompañamientos a regantes para la modernización del sistema de distribución y de la gestión colectiva del agua de riego en los valles cordilleranos de Calingasta e Iglesia-San Juan;Instituto Nacional de Tecnología Agropecuaria estación experimental San Juan;Instituto Nacional de Tecnología Agropecuaria- INTA-;PUBLICO;20000000;8580000;28580000;0.699790062981106;8580000;6840000;300000;INTA;04-Transporte, telecomunicación y otras infraestructuras
182;SJ-10-PFI-2023;10;SJ;CUYO;SAN JUAN;Aguardiente de manzana (calvados) mejoramiento del proceso de elaboración por destilación discontinua en el departamento de Calingasta, mediante herramientas de ingeniería de procesos. ;Universidad nacional de san juan. Facultad de ingeniería;Universidad Nacional de San Juan;PUBLICO;49986000;14525444;64511444;0.774839267277911;14525444;22771000;640000;Univ Pub;06-Producción y tecnología industrial
183;SL-1-PFI-2023;1;SL;CUYO;SAN LUIS;"Desarrollo de un dispositivo para la identificación temprana de
enfermedades de transmisión sexual (ETS) prevalentes";Universidad Nacional de San Luis (UNSL) - Universidad Católica de Cuyo (UCCuyoSL);UNIVERSIDAD NACIONAL DE SAN LUIS;PUBLICO;40000000;8000203;48000203;0.833329809042683;8000203;28000000;640000;Univ Pub;07-Salud
184;SL-2-PFI-2023;2;SL;CUYO;SAN LUIS;"JUEGA, APRENDE Y
CRECE: Plataforma
tecnológica educativa
aplicada en deporte y
nutrición.";UNIVERSIDAD DE LA PUNTA;UNIVERSIDAD DE LA PUNTA;PUBLICO;45000000;12870000;57870000;0.777604976671851;12870000;0;0;Univ Pub;07-Salud
185;SL-3-PFI-2023;3;SL;CUYO;SAN LUIS;"Fortalecimiento de capacidades de I+D+i para el desarrollo de tecnologías de oxidación avanzada
aplicables al tratamiento de aguas residuales industriales.";"Instituto de Investigaciones en Tecnología Química
(INTEQUI), UNSL-CONICET";UNIVERSIDAD NACIONAL DE SAN LUIS;PUBLICO;20000000;9615090;29615090;0.675331393556461;9615090;10000000;0;Univ Pub;02-Medio Ambiente
186;SL-4-PFI-2023;4;SL;CUYO;SAN LUIS;TECNOLOGÍAS APLICADAS A LA PRODUCCIÓN DE e-COMBUSTIBLES;Universidad Nacional de Villa Mercedes;Universidad Nacional de Villa Mercedes;PUBLICO;35000000;15000000;50000000;0.7;15000000;13450000;0;Univ Pub;02-Medio Ambiente
187;SL-5-PFI-2023;5;SL;CUYO;SAN LUIS;"Desarrollo de bebidas funcionales para el crecimiento
sostenible de una cooperativa del norte de la provincia de San Luis.";INCOMPLETO;UNIVERSIDAD NACIONAL DE SAN LUIS;PUBLICO;10000000;22815348;32815348;0.304735454885318;22815348;7420000;0;Univ Pub;06-Producción y tecnología industrial
188;SL-6-PFI-2023;6;SL;CUYO;SAN LUIS;"“iLAB +CULTURA. Modelo para el fortalecimiento de las capacidades de gestión,
comunicación, redes e innovación abierta de las organizaciones de base cultural de San
Luis”";Universidad Nacional de San Luis;UNIVERSIDAD NACIONAL DE SAN LUIS;PUBLICO;15000000;6719684;21719684;0.690617782468658;6719684;6167260;280000;Univ Pub;10-Cultura, recreación, religión y medios de comunicación
189;SL-7-PFI-2023;7;SL;CUYO;SAN LUIS;"ESTUDIO GEOLÓGICO-ESTRUCTURAL PARA CARACTERIZAR EL
POTENCIAL GEOTERMICO EN LA PROVINCIA DE SAN LUIS";Universidad Nacional de San Luis;UNIVERSIDAD NACIONAL DE SAN LUIS;PUBLICO;15000000;9923580;24923580;0.601839703605983;9923580;8500000;300000;Univ Pub;01-Exploración y explotación de la tierra
190;SL-8-PFI-2023;8;SL;CUYO;SAN LUIS;"Laboratorio ReDIT VM (Red de desarrollo e innovación del territorio
de Villa Mercedes y zona de influencia).";INCOMPLETO;UNIVERSIDAD NACIONAL DE SAN LUIS;PUBLICO;20000000;10298400;30298400;0.660100863411929;10298400;5000000;0;Univ Pub;08-Agricultura
191;SC-1-PFI-2023;1;SC;PATAGONIA;SANTA CRUZ;Matriz de Generación Distribuida en Escuelas TEcnicas de la Provinciales de Santa Cruz mediante la incorporación de Tecnología que permita la producción de Energía limpia y la incorporación del excedente a la red elEctrica local.;CONSEJO DE EDUCACIÓN DE LA PROVINCIA DE SANTA CRUZ- ESCUELA TECNICA Nº2- PICO TRUCADO;FUNDACION EMPRESARIA DE LA PATAGONIA (FEPA);PRIVADO;56958190;24530000;81488190;0.698974783953356;15930000;20302690;640000;ESFL;09-Educación
192;SC-2-PFI-2023;2;SC;PATAGONIA;SANTA CRUZ;Sistema de adquisición, monitorización y explotación de datos para cultivos hidropónicos indoor.;UNIVERSIDAD DE LA PATAGONIA AUSTRAL ;UNIVERSIDAD NACIONAL DE LA PATAGONIA AUSTRAL;PUBLICO;32000000;8000000;40000000;0.8;1200000;12680000;0;Univ Pub;08-Agricultura
193;SC-3-PFI-2023;3;SC;PATAGONIA;SANTA CRUZ;Desarrollo del Potencial Marítimo para la Soberanía EnergEtica de Santa Cruz;UTN – FRSC / FUNDACIÓN EMPRESARIA DE LA PATAGONIA;BRAINSTORMERS S.A.S.;PRIVADO;45666810;20240000;65906810;0.692899717039863;11640000;15110000;640000;Emp Priv;09-Educación
194;SC-4-PFI-2023;4;SC;PATAGONIA;SANTA CRUZ;Aportes para la transición hacia una ganadería ovina extensiva climAticamente inteligente en Santa Cruz;INTA EEA Santa Cruz;CONSEJO AGRARIO PROVINCIAL;PUBLICO;16275000;7870000;24145000;0.674052598881756;6800000;7830000;0;Org Pub;08-Agricultura
195;SC-5-PFI-2023;5;SC;PATAGONIA;SANTA CRUZ;Desarrollo de una herramienta para la gestión, manejo y aprovechamiento integral del guanaco en Santa Cruz;N/A;INSTITUTO NACIONAL DE TECNOLOGIA AGROPECUARIA;PUBLICO;25840000;14352000;40192000;0.642914012738854;9852000;12340000;0;INTA;11-Estructuras, procesos y sistemas políticos y sociales
196;SC-6-PFI-2023;6;SC;PATAGONIA;SANTA CRUZ;Producción de alimento de trucha arco iris (Oncorhynchus mykiss) enriquecido con pigmentos obtenidos del reciclado de bioresiduos de langostino;UNIVERSIDAD DE LA PATAGONIA AUSTRAL ;MUNICIPALIDAD DE COMANDANTE LUIS PIEDRABUENA;PUBLICO;22800000;6166000;28966000;0.787129738313885;4416000;5970000;0;Municipio;08-Agricultura
197;SF-1-PFI-2023;1;SF;CENTRO;SANTA FE;"Generación de la Unidad de Ciencias Genómicas y Transcriptómicas del Instituto de
Biología Molecular y Celular de Rosario (UCG-IBR)";"Fundación del Instituto de Biología Molecular y Celular de Rosario,
(Fundación IBR)";CENTRO CIENTIFICO TECNOLOGICO CONICET-ROSARIO (CCT ROSARIO);PUBLICO;100000000;37577049;137577049;0.726865423607102;35077049;49942000;0;CONICET;12-Producción general de conocimiento
198;SF-2-PFI-2023;2;SF;CENTRO;SANTA FE;PLATAFORMA DE CIENCIA Y TECNOLOGIA PARA EL ACCESO E INNOVACION EN SALUD PUBLICA;Unidad de Investigación Traslaccional del Hospital Provincial del Centenario (UNITRO);HOSPITAL PROVINCIAL DEL CENTENARIO;PUBLICO;50000000;12500000;62500000;0.8;12500000;25000000;0;Org Pub;07-Salud
199;SF-3-PFI-2023;3;SF;CENTRO;SANTA FE;"“Fortalecimiento de INCUVA, la Incubadora de empresas de la EEA Rafaela del INTA, como un
como Centro tecnológico especializado en BioAgroindustria, con fuerte orientación a bioprocesos
y bioproductos mediante la aplicación de tecnología de fermentación y secado spray”";INTA EEA Rafaela;INSTITUTO NACIONAL DE TECNOLOGIA AGROPECUARIA- INTA-;PUBLICO;50000000;28860000;78860000;0.63403499873193;9060000;25000000;0;Univ Pub;06-Producción y tecnología industrial
200;SE-1-PFI-2023;1;SE;NOA;SANTIAGO DEL ESTERO;Desarrollo de Prototipo de un Sistema de Gestión y de Control AutomAtico de los Caudales para el Sistema de Riego Del Rio Dulce, Santiago del Estero;UNIVERSIDAD NACIONAL DE SANTIAGO DEL ESTERO;UNIVERSIDAD NACIONAL DE SANTIAGO DEL ESTERO;PUBLICO;61990000;15840000;77830000;0.796479506616986;15840000;27750000;0;Univ Pub;04-Transporte, telecomunicación y otras infraestructuras
201;SE-2-PFI-2023;2;SE;NOA;SANTIAGO DEL ESTERO;Optimización de sistemas existentes de tratamiento de diversos efluentes derivados de la actividad productiva pecuaria en Colonia Jaime para la promoción de un polo de desarrollo sostenible de aprovechamiento de biogAs y sus sub productos para la provincia de Santiago del Estero. ;INTI;ASOCIACION CIVIL COLONIA JAIME;PRIVADO;49820000;21360000;71180000;0.699915706659174;0;16770000;0;ESFL;02-Medio Ambiente
202;SE-3-PFI-2023;3;SE;NOA;SANTIAGO DEL ESTERO;"Innovación Regenerativa: Diversificación y Cierre en el ciclo de producción del proyecto Alimentación inteligente, MUJERES DE LA CAÑADA: pulpas y bioinsumos
";NO CONSIGNAN;COMISION MUNICIPAL LA CAÑADA;PUBLICO;24718022;6262000;30980022;0.797869736825881;4062000;13918022;500000;Municipio;08-Agricultura
203;SE-4-PFI-2023;4;SE;NOA;SANTIAGO DEL ESTERO;Desarrollo y Ambientación del Espacio Físico, Para la Puesta en Marcha del Museo de Astronomía e Ingeniería de Santiago del Estero (MAISE);UNIVERSIDAD NACIONAL DE SANTIAGO DEL ESTERO;UNIVERSIDAD NACIONAL DE SANTIAGO DEL ESTERO;PUBLICO;26906475;13291226;40197701;0.669353578205878;1352000;2784000;0;Univ Pub;03-Exploración y explotación del espacio
204;SE-5-PFI-2023;5;SE;NOA;SANTIAGO DEL ESTERO;Desarrollo e implementación de tecnologías de producción de hongos comestibles (pleurotus spp) en Santiago del Estero;UNIVERSIDAD CATOLICA DE SANTIAGO DEL ESTERO Y UNIVERSIDAD NACIONAL DE SANTIAGO DEL ESTERO;UNIVERSIDAD CATOLICA DE SANTIAGO DEL ESTERO;PRIVADO;10000000;4289000;14289000;0.699839037021485;0;3100000;0;Univ Priv;03-Exploración y explotación del espacio
205;SE-6-PFI-2023;6;SE;NOA;SANTIAGO DEL ESTERO;Desarrollo de tecnologías de accesibilidad apropiadas para personas amputadas con potencial discapacidad motriz de bajos recursos en la provincia de Santiago del Estero;INTI;UNIVERSIDAD CATOLICA DE SANTIAGO DEL ESTERO;PRIVADO;16565000;7170000;23735000;0.697914472298294;0;4245000;0;Univ Priv;07-Salud
206;SE-7-PFI-2023;7;SE;NOA;SANTIAGO DEL ESTERO;Implementación de un sistema de control integrado de plagas y microorganismos, basado en aceites esenciales, en el almacenamiento en silo de vainas de algarrobo (Prosopis alba) en la Cooperativa Apícola Agrícola Agro Naciente;UNIVERSIDAD NACIONAL DE SANTIAGO DEL ESTERO;UNIVERSIDAD NACIONAL DE SANTIAGO DEL ESTERO;PUBLICO;10000000;3843000;13843000;0.722386765874449;3843000;5000000;0;Univ Pub;08-Agricultura
207;TF-1-PFI-2023;1;TF;PATAGONIA;TIERRA DEL FUEGO;Transferencia de conocimientos y fortalecimiento de las capacidades tecnológicas para la valorización del plAstico no reutilizado a partir de estudios de calidad de procesos pirolíticos y de I+D, que permitan obtener subproductos de interEs para la industria petroquímica y del agro;Centro de Investigaciones y Transferencia Tierra del Fuego AIAS;Secretaría de Hidrocarburos de Tierra del Fuego AIAS;PUBLICO;97300000;29806875;127106875;0.765497538980484;29806875;57000000;640000;Org Pub;02-Medio Ambiente
208;TF-2-PFI-2023;2;TF;PATAGONIA;TIERRA DEL FUEGO;Biobanco TDF AeIAS - Patrimonio de biodiversidad fueguina;Universidad Nacional de Tierra del Fuego;Secretaría de ambiente, Ministerio de Producción y Ambiente de Tierra del Fuego, AeIAS.;PUBLICO;22246999;11274000;33520999;0.663673508059828;11274000;10340000;426990;Org Pub;02-Medio Ambiente
209;TF-3-PFI-2023;3;TF;PATAGONIA;TIERRA DEL FUEGO;Desarrollo de un sistema de monitoreo automatizado integrado para la detección temprana de hidrocarburos, ruido submarino y acidificación para la gestión ambiental;Centro Austral de Investigaciones Científicas (CADIC-CONICET) -Instituto Argentino de Oceanografía - IADO (CONICET-UNS);Secretaría de Ambiente de Tierra del Fuego;PUBLICO;30208625;21698023;51906648;0.581979884349303;21698023;12927656;640000;Org Pub;02-Medio Ambiente
210;TF-4-PFI-2023;4;TF;PATAGONIA;TIERRA DEL FUEGO;"Mitigación del riesgo sísmico en Tierra del Fuego. Innovación y
potenciación de la red sismológica provincial.";"Estación Astronómica RIO Grande, Facultad de
Ciencias Astronómicas y Geofísicas, UNLP - Instituto de Desarrollo Económico e Innovación
Universidad Nacional de Tierra del Fuego, AIAS";UNIVERSIDAD NACIONAL DE LA PLATA ;PUBLICO;20000000;5000000;25000000;0.8;5000000;14000000;500000;Univ Pub;04-Transporte, telecomunicación y otras infraestructuras
211;TF-5-PFI-2023;5;TF;PATAGONIA;TIERRA DEL FUEGO;"Gestión del riesgo geológico, sísmico e hídrico: creación de capacidades locales y
consolidación de la gobernanza del territorio mediante geodesia y fotogrametría";Facultad de Ciencias Astronómicas y Geofísicas de la UNLP;AGENCIA DE RECAUDACION FUEGUINA ;PUBLICO;20000000;5000900;25000900;0.799971201036763;5000900;15572000;500018;Org Pub;01-Exploración y explotación de la tierra
212;TF-6-PFI-2023;6;TF;PATAGONIA;TIERRA DEL FUEGO;"Mapa de situación de la Contaminación ambiental por parAsitos intestinales de animales
domEsticos en ambientes urbanos y periurbanos en Tierra del Fuego. Argentina";Universidad Nacional de Tierra del Fuego;Dirección de Epidemiología, Ministerio de Salud ,Provincia de Tierra del Fuego A.I.A.S.;PUBLICO;10230300;2465739;12696039;0.80578674970989;2465739;5000000;204120;Org Pub;02-Medio Ambiente
213;TU-1-PFI-2023;1;TU;NOA;TUCUMAN;Desarrollo de un módulo de biocombustibles sólidos a partir de residuos foresto industriales y recursos biomAsicos estratEgicos de la provincia de TucumAn en aserradero de la empresa RIO de Luna SA;INTI; RIO de Luna SA;PRIVADO;19100600;8552000;27652600;0.690734325162914;0;9250000;500000;Emp Priv;05-Energía
214;TU-2-PFI-2023;2;TU;NOA;TUCUMAN;Urbanización sostenible: Un enfoque integral para mejorar la calidad ambiental en el Gran San Miguel de TucumAn.;UNT;Universidad Nacional de Tucumàn ;PUBLICO;11450000;7045000;18495000;0.619086239524196;5545000;5700000;0;Univ Pub;04-Transporte, telecomunicación y otras infraestructuras
215;TU-3-PFI-2023;3;TU;NOA;TUCUMAN;Adaptación de tecnologías remotas para evaluación del bosque nativo del chaco semi Arido, con aplicación a planificación predial en proyectos de Manejo de Bosque con Ganadería Integrada;INTA - Estación Experimental Agropecuaria FamaillA;Instituto Nacional de Tecnologia Agropecuaria (INTA. EEA FamaillA);PUBLICO;15500000;7230000;22730000;0.681918169819622;6030000;7700000;0;INTA;01-Exploración y explotación de la tierra
216;TU-4-PFI-2023;4;TU;NOA;TUCUMAN;Generación de rEplicas y modelos 3d de interEs forense, mEdico, arqueológico, histórico y artístico;UNT;Universidad Nacional de Tucumàn ;PUBLICO;11891532;0;11891532;1;0;0;0;Univ Pub;12-Producción general de conocimiento
217;TU-5-PFI-2023;5;TU;NOA;TUCUMAN;Implementación y transferencia de tecnología para la Gestión agrometeorológica y freAtica en la Cuenca Productiva Balderrama: Acceso Web a Datos Precisos y Oportunos para mejora de la productividad agrícola.;Facultad de Ciencias Exactas y Tecnología - UNT;UNIVERSIDAD NACIONAL DE TUCUMAN -Facultad de Ciencias Exactas y Tecnología ;PUBLICO;21146848;26638597;47785445;0.442537429545754;18313951;8957118;0;Univ Pub;08-Agricultura
218;TU-6-PFI-2023;6;TU;NOA;TUCUMAN; Diversificación del uso del biogAs y biofertilizantes en una institución de desarrollo social;Estación Experimental Agroindustrial Obispo Colombres;ESTACION EXPERIMENTAL AGRO INDUSTRIAL OBISPO COLOMBRES;PUBLICO;10130000;4322000;14452000;0.700941046221976;3822000;5500000;400000;Otros Org CyT;08-Agricultura
219;TU-7-PFI-2023;7;TU;NOA;TUCUMAN;La ciencia ciudadana (con la gente) como metodo de monitoreo de fauna, generadora de conciencia pública y cooperadora en el bienestar comunal/social.;Unidad Ejecutora Lillo - UEL; CONICET -Unidad Ejecutora Lillo-UEL;PUBLICO;12000000;16095000;28095000;0.427122263747998;16095000;4200000;0;CONICET;02-Medio Ambiente
220;TU-8-PFI-2023;8;TU;NOA;TUCUMAN;La salud urbana en el contexto de las enfermedades transmitidas por vectores: estrategia de gestión integrada para la prevención del dengue;Fundación Miguel Lillo;Fundación Miguel Lillo;PUBLICO;10000000;9370000;19370000;0.516262261228704;9370800;4900000;0;ESFL;02-Medio Ambiente
221;TU-9-PFI-2023;9;TU;NOA;TUCUMAN;Agregado de valor destinado a la alimentación de alta calidad nutricional mediante producción agroecológica de granos de quínoa para consumo directo y transformación en harina, pan y leche;INTA;Instituto Nacional de Tecnologia Agropecuaria INTA;PUBLICO;15000000;8732500;23732500;0.632044664489624;1400000;9000000;0;INTA;06-Producción y tecnología industrial
222;TU-10-PFI-2023;10;TU;NOA;TUCUMAN;Desarrollo de una herramienta metodológica para el establecimiento de un sistema de ejecución, monitoreo y manejo sustentable de sitios arqueológicos de superficie de la provincia de TucumAn.;Facultad de Ciencias Naturales e Instituto Miguel Lillo – UNT Centro de Investigacion en Ecología Histórica;Universidad Nacional de Tucumàn ;PUBLICO;10737000;6809793;17546793;0.611906688589761;6809793;4900000;0;Univ Pub;10-Cultura, recreación, religión y medios de comunicación
223;TU-11-PFI-2023;11;TU;NOA;TUCUMAN;Construcción de sistemas de RIOs artificiales para la previsibilidad de la calidad del agua en el contexto del cambio climAtico.;Facultad de Ciencias Naturales e IML, UNT;Universidad Nacional de Tucumàn Facultad de Ciencias Naturales e IML;PUBLICO;12329200;9073589;21402789;0.576055765442532;9073589;1700000;0;Univ Pub;02-Medio Ambiente
224;TU-12-PFI-2023;12;TU;NOA;TUCUMAN;Optimización de la productividad de lana y carne de oveja en TucumAn a travEs de la creación de un núcleo genEtico.;Facultad de Agronomía Zootecnia y Veterinaria (UNT);Universidad Nacional de Tucumàn ;PUBLICO;15131500;12744000;27875500;0.542824343957956;12744000;4850000;0;Univ Pub;08-Agricultura
225;TU-13-PFI-2023;13;TU;NOA;TUCUMAN;Innovaciones tecnológicas para fomentar la producción sostenible y calidad de la batata tucumana destinada para consumo en fresco y/o agroindustria;Facultad de Agronomía Zootecnia y Veterinaria (FAZyV) de UNT;Universidad Nacional de Tucumàn ;PUBLICO;15000000;9328200;24328200;0.616568426764002;9328200;7500000;350000;Univ Pub;08-Agricultura
226;TU-14-PFI-2023;14;TU;NOA;TUCUMAN;Experiencia demostrativa de sistema de producción de pollos pastoriles como Producción Avícola Alternativa para la región. Determinación de prevalencia de las principales patologías bacterianas y parasitarias a travEs de tEcnicas de laboratorio.;Facultad de Agronomía Zootecnia y Veterinaria de UNT;Universidad Nacional de Tucumàn ;PUBLICO;10583320;4104000;14687320;0.720575298965366;3720000;5011320;0;Univ Pub;08-Agricultura
227;TU-15-PFI-2023;15;TU;NOA;TUCUMAN;Complejo de interpretación Científica y Recreativa en la Yungas: transferencia de conocimientos, Turismo sustentable y la conservación del patrimonio cultural y natural de las Sierras de San Javier;Universidad de San Pablo T;FUNDACION PARA EL DESARROLLO;PUBLICO;10000000;4990000;14990000;0.66711140760507;3090000;2100000;0;Org Pub;02-Medio Ambiente
